Position,Track Name,Artist,Streams,URL,Date,Track Id,acousticness,danceability,duration_ms,energy,instrumentalness,key,liveness,loudness,mode,speechiness,tempo,time_signature,valence,emotion
1,"thank u, next",Ariana Grande,3978028,https://open.spotify.com/track/2rPE9A1vEgShuZxxzR2tZH,2019-01-01,2rPE9A1vEgShuZxxzR2tZH,0.28,0.724,207333,0.647,0,1,0.102,-5.642,1,0.0658,106.96,4,0.435,excited
2,Sunflower - Spider-Man: Into the Spider-Verse,Post Malone,3883836,https://open.spotify.com/track/3KkXRkHbMCARz0aVfEt68P,2019-01-01,3KkXRkHbMCARz0aVfEt68P,0.556,0.76,158040,0.479,0,2,0.0703,-5.574,1,0.0466,89.911,4,0.913,peacefull
3,"Taki Taki (with Selena Gomez, Ozuna & Cardi B)",DJ Snake,3351784,https://open.spotify.com/track/4w8niZpiMy6qz1mntFA5uM,2019-01-01,4w8niZpiMy6qz1mntFA5uM,0.153,0.841,212500,0.798,3.33E-06,1,0.0618,-4.206,0,0.229,95.948,4,0.591,happy
4,Wow.,Post Malone,3195966,https://open.spotify.com/track/6MWtB6iiXyIwun0YzU6DFP,2019-01-01,6MWtB6iiXyIwun0YzU6DFP,0.163,0.833,149520,0.539,2.10E-06,11,0.101,-7.399,0,0.178,99.947,4,0.385,excited
5,MIA (feat. Drake),Bad Bunny,2777884,https://open.spotify.com/track/116H0KvKr2Zl4RPuVBruDO,2019-01-01,116H0KvKr2Zl4RPuVBruDO,0.0141,0.817,210368,0.539,0.000496,6,0.099,-6.349,0,0.0621,97.062,4,0.158,excited
6,SICKO MODE,Travis Scott,2624453,https://open.spotify.com/track/2xLMifQCjDGFmkHkpNLD9h,2019-01-01,2xLMifQCjDGFmkHkpNLD9h,0.00513,0.834,312820,0.73,0,8,0.124,-3.714,1,0.222,155.008,4,0.446,excited
7,Without Me,Halsey,2618489,https://open.spotify.com/track/5p7ujcrUXASCNwRaWNHR1C,2019-01-01,5p7ujcrUXASCNwRaWNHR1C,0.297,0.752,201661,0.488,9.11E-06,6,0.0936,-7.05,1,0.0705,136.041,4,0.533,peacefull
8,Sweet but Psycho,Ava Max,2432084,https://open.spotify.com/track/25sgk305KZfyuqVBQIahim,2019-01-01,25sgk305KZfyuqVBQIahim,0.0691,0.719,187436,0.704,0,1,0.166,-4.724,1,0.0476,133.002,4,0.628,happy
9,Calma - Remix,Pedro Capó,2385494,https://open.spotify.com/track/5iwz1NiezX7WWjnCgY5TH4,2019-01-01,5iwz1NiezX7WWjnCgY5TH4,0.323,0.826,238200,0.773,0,11,0.143,-4.218,0,0.0524,126.899,4,0.761,happy
10,Happier,Marshmello,2385450,https://open.spotify.com/track/2dpaYNEQHiRxtZbfNsse99,2019-01-01,2dpaYNEQHiRxtZbfNsse99,0.191,0.687,214290,0.792,0,5,0.167,-2.749,1,0.0452,100.015,4,0.671,happy
11,Adan y Eva,Paulo Londra,2191752,https://open.spotify.com/track/6FyRXC8tJUh863JCkyWqtk,2019-01-01,6FyRXC8tJUh863JCkyWqtk,0.323,0.767,258639,0.709,0,1,0.0676,-4.47,1,0.336,171.993,4,0.72,happy
12,ZEZE,Kodak Black,2160788,https://open.spotify.com/track/0FZ4Dmg8jJJAPJnvBIzD9z,2019-01-01,0FZ4Dmg8jJJAPJnvBIzD9z,0.0521,0.861,228760,0.603,0,8,0.0924,-5.788,0,0.176,98.043,4,0.504,happy
13,Going Bad (feat. Drake),Meek Mill,2020725,https://open.spotify.com/track/2IRZnDFmlqMuOrYOLnZZyc,2019-01-01,2IRZnDFmlqMuOrYOLnZZyc,0.259,0.889,180522,0.496,0,4,0.252,-6.365,0,0.0905,86.003,4,0.544,peacefull
14,Mo Bamba,Sheck Wes,1904157,https://open.spotify.com/track/1xzBco0xcoJEDXktl7Jxrr,2019-01-01,1xzBco0xcoJEDXktl7Jxrr,0.194,0.729,183907,0.625,0.00986,4,0.248,-5.266,1,0.0315,146.034,4,0.261,excited
15,High Hopes,Panic! At The Disco,1818904,https://open.spotify.com/track/1rqqCSm0Qe4I9rUvWncaom,2019-01-01,1rqqCSm0Qe4I9rUvWncaom,0.193,0.579,190947,0.904,0,5,0.064,-2.729,1,0.0618,82.014,4,0.681,happy
16,Eastside (with Halsey & Khalid),benny blanco,1766878,https://open.spotify.com/track/7FGq80cy8juXBCD2nrqdWU,2019-01-01,7FGq80cy8juXBCD2nrqdWU,0.549,0.632,170770,0.686,0,6,0.2,-7.665,0,0.243,89.949,4,0.329,excited
17,Girls Like You (feat. Cardi B),Maroon 5,1748652,https://open.spotify.com/track/7fa9MBXhVfQ8P8Df9OEbD8,2019-01-01,7fa9MBXhVfQ8P8Df9OEbD8,0.568,0.851,235545,0.541,0,0,0.13,-6.825,1,0.0505,124.959,4,0.448,excited
18,Drip Too Hard (Lil Baby & Gunna),Lil Baby,1702113,https://open.spotify.com/track/78QR3Wp35dqAhFEc2qAGjE,2019-01-01,78QR3Wp35dqAhFEc2qAGjE,0.103,0.896,145543,0.671,0,1,0.552,-6.977,0,0.289,112.502,4,0.358,excited
19,I Like It,Cardi B,1649370,https://open.spotify.com/track/58q2HKrzhC3ozto2nDdN4z,2019-01-01,58q2HKrzhC3ozto2nDdN4z,0.099,0.816,253390,0.726,0,5,0.372,-3.998,0,0.129,136.048,4,0.65,happy
20,Better Now,Post Malone,1610618,https://open.spotify.com/track/7dt6x5M1jzdTEt8oCbisTK,2019-01-01,7dt6x5M1jzdTEt8oCbisTK,0.354,0.68,231267,0.563,0,10,0.136,-5.843,1,0.0454,145.028,4,0.374,excited
21,Lucid Dreams,Juice WRLD,1599587,https://open.spotify.com/track/285pBltuF7vW8TeWk8hdRR,2019-01-01,285pBltuF7vW8TeWk8hdRR,0.349,0.511,239836,0.566,0,6,0.34,-7.23,0,0.2,83.903,4,0.218,excited
22,Bohemian Rhapsody - Remastered 2011,Queen,1575089,https://open.spotify.com/track/7tFiyTwD0nx5a1eklYtX2J,2019-01-01,7tFiyTwD0nx5a1eklYtX2J,0.254,0.397,354320,0.396,0,3,0.268,-9.91,1,0.05,142.913,4,0.227,sad
23,Shallow,Lady Gaga,1569388,https://open.spotify.com/track/2VxeLyX666F8uXCJ0dZF8B,2019-01-01,2VxeLyX666F8uXCJ0dZF8B,0.371,0.572,215733,0.385,0,7,0.231,-6.362,1,0.0308,95.799,4,0.323,sad
24,God's Plan,Drake,1552552,https://open.spotify.com/track/6DCZcSspjsKoFjzjrWoCdn,2019-01-01,6DCZcSspjsKoFjzjrWoCdn,0.0332,0.754,198973,0.449,8.29E-05,7,0.552,-9.211,1,0.109,77.169,4,0.357,sad
25,rockstar (feat. 21 Savage),Post Malone,1532954,https://open.spotify.com/track/0e7ipj03S05BNilyu5bRzt,2019-01-01,0e7ipj03S05BNilyu5bRzt,0.117,0.587,218147,0.535,6.56E-05,5,0.131,-6.09,0,0.0898,159.847,4,0.14,excited
26,SAD!,XXXTENTACION,1520786,https://open.spotify.com/track/3ee8Jmje8o58CHK66QrVC2,2019-01-01,3ee8Jmje8o58CHK66QrVC2,0.258,0.74,166606,0.613,0.00372,8,0.123,-4.88,1,0.145,75.023,4,0.473,excited
27,Arms Around You (feat. Maluma & Swae Lee),XXXTENTACION,1480647,https://open.spotify.com/track/2LskIZrCeLxRvCiGP8gxlh,2019-01-01,2LskIZrCeLxRvCiGP8gxlh,0.0302,0.703,198903,0.723,2.06E-06,9,0.126,-5.45,0,0.0412,104.969,4,0.288,excited
28,In My Mind,Dynoro,1434955,https://open.spotify.com/track/0E9ZjEAyAwOXZ7wJC0PD33,2019-01-01,0E9ZjEAyAwOXZ7wJC0PD33,0.176,0.694,184560,0.77,1.10E-05,6,0.118,-5.335,1,0.149,125.905,4,0.163,excited
29,imagine,Ariana Grande,1415040,https://open.spotify.com/track/0todbbT9g5uQGbeFCiBf2F,2019-01-01,0todbbT9g5uQGbeFCiBf2F,0.374,0.714,212293,0.474,0,8,0.106,-4.993,1,0.039,62.484,3,0.376,sad
30,Ella Quiere Beber - Remix,Anuel AA,1401784,https://open.spotify.com/track/2cYnZNzFRFK0H7vSNxPsUq,2019-01-01,2cYnZNzFRFK0H7vSNxPsUq,0.265,0.751,219357,0.665,0,8,0.0515,-3.083,1,0.124,95.239,4,0.698,happy
31,Better,Khalid,1355797,https://open.spotify.com/track/6zeeWid2sgw4lap2jV61PZ,2019-01-01,6zeeWid2sgw4lap2jV61PZ,0.0765,0.596,229320,0.552,0.334,0,0.104,-10.278,0,0.097,97.949,4,0.112,excited
32,Promises (with Sam Smith),Calvin Harris,1354412,https://open.spotify.com/track/5N5k9nd479b1xpDZ4usjrg,2019-01-01,5N5k9nd479b1xpDZ4usjrg,0.0119,0.781,213309,0.768,4.91E-06,11,0.325,-5.991,1,0.0394,123.07,4,0.486,excited
33,when the party's over,Billie Eilish,1354146,https://open.spotify.com/track/14JzyD6FlBD5z0wV5P07YI,2019-01-01,14JzyD6FlBD5z0wV5P07YI,0.979,0.498,199931,0.104,7.86E-05,1,0.0895,-14.08,0,0.0621,124.001,3,0.205,sad
34,One Kiss (with Dua Lipa),Calvin Harris,1349422,https://open.spotify.com/track/7ef4DlsgrMEH11cDZd32M6,2019-01-01,7ef4DlsgrMEH11cDZd32M6,0.037,0.791,214847,0.862,2.19E-05,9,0.0814,-3.24,0,0.11,123.994,4,0.592,happy
35,Nothing Breaks Like a Heart (feat. Miley Cyrus),Mark Ronson,1327813,https://open.spotify.com/track/27rdGxbavYJeBphck5MZAF,2019-01-01,27rdGxbavYJeBphck5MZAF,0.00987,0.601,217467,0.794,1.36E-06,7,0.388,-5.844,0,0.0671,114.066,4,0.244,excited
36,Vaina Loca,Ozuna,1323457,https://open.spotify.com/track/48zFZh27QU5qsrBjn4C2FA,2019-01-01,48zFZh27QU5qsrBjn4C2FA,0.315,0.754,176133,0.805,0,6,0.203,-4.249,1,0.0752,93.983,4,0.555,happy
37,Close To Me (with Diplo) (feat. Swae Lee),Ellie Goulding,1316696,https://open.spotify.com/track/5JEx7HbmvHQQswJCsoo9rA,2019-01-01,5JEx7HbmvHQQswJCsoo9rA,0.0969,0.574,182623,0.758,0,1,0.395,-5.029,0,0.0621,144.111,4,0.492,excited
38,Leave Me Alone,Flipp Dinero,1288354,https://open.spotify.com/track/14mHfNsSHN0FbLftyjrV9g,2019-01-01,14mHfNsSHN0FbLftyjrV9g,0.107,0.792,195637,0.743,0,7,0.183,-2.806,1,0.0851,150.024,4,0.742,happy
39,Moonlight,XXXTENTACION,1287251,https://open.spotify.com/track/0JP9xo3adEtGSdUEISiszL,2019-01-01,0JP9xo3adEtGSdUEISiszL,0.556,0.921,135090,0.537,0.00404,9,0.102,-5.723,0,0.0804,128.009,4,0.711,happy
40,Wake Up in the Sky,Gucci Mane,1266708,https://open.spotify.com/track/2G1tXoGBaEMJ7FKGnkf6ud,2019-01-01,2G1tXoGBaEMJ7FKGnkf6ud,0.00381,0.8,203161,0.578,0,4,0.367,-5.144,0,0.0485,143.01,4,0.367,excited
41,Adictiva,Daddy Yankee,1244010,https://open.spotify.com/track/6MJUCumnQsQEKbCy28tbCP,2019-01-01,6MJUCumnQsQEKbCy28tbCP,0.291,0.788,207853,0.771,5.62E-05,4,0.172,-3.206,0,0.0563,99.038,4,0.701,happy
42,In My Feelings,Drake,1234391,https://open.spotify.com/track/2G7V7zsVDxg1yRsu7Ew9RJ,2019-01-01,2G7V7zsVDxg1yRsu7Ew9RJ,0.0589,0.835,217925,0.626,6.00E-05,1,0.396,-5.833,1,0.125,91.03,4,0.35,excited
43,Taste (feat. Offset),Tyga,1208890,https://open.spotify.com/track/5IaHrVsrferBYDm0bDyABy,2019-01-01,5IaHrVsrferBYDm0bDyABy,0.0236,0.884,232959,0.559,0,0,0.101,-7.442,1,0.12,97.994,4,0.342,excited
44,Be Alright,Dean Lewis,1192272,https://open.spotify.com/track/3EPXxR3ImUwfayaurPi3cm,2019-01-01,3EPXxR3ImUwfayaurPi3cm,0.697,0.553,196373,0.586,0,11,0.0813,-6.319,1,0.0362,126.684,4,0.443,excited
45,Solo de Mi,Bad Bunny,1174937,https://open.spotify.com/track/4uP3pUP18ennmz0tb3GphR,2019-01-01,4uP3pUP18ennmz0tb3GphR,0.287,0.743,197968,0.73,8.10E-05,10,0.0778,-4.314,0,0.125,179.972,4,0.15,excited
46,Shape of You,Ed Sheeran,1161132,https://open.spotify.com/track/7qiZfU4dY1lWllzX7mPBI3,2019-01-01,7qiZfU4dY1lWllzX7mPBI3,0.581,0.825,233713,0.652,0,1,0.0931,-3.183,0,0.0802,95.977,4,0.931,happy
47,Don't Stop Me Now - Remastered,Queen,1155173,https://open.spotify.com/track/5T8EDUDqKcs6OSOwEsfqG7,2019-01-01,5T8EDUDqKcs6OSOwEsfqG7,0.0475,0.559,209413,0.868,0.000176,5,0.776,-5.276,1,0.17,156.295,4,0.609,happy
48,Saturday Nights,Khalid,1144090,https://open.spotify.com/track/5kfNriitmkNE8mUbZ7gbq8,2019-01-01,5kfNriitmkNE8mUbZ7gbq8,0.606,0.551,210667,0.44,3.02E-05,10,0.11,-8.559,1,0.0985,167.923,4,0.341,sad
49,Havana (feat. Young Thug),Camila Cabello,1123301,https://open.spotify.com/track/1rfofaqEpACxVEHIZBJe6W,2019-01-01,1rfofaqEpACxVEHIZBJe6W,0.184,0.765,217307,0.523,3.56E-05,2,0.132,-4.333,1,0.03,104.988,4,0.394,excited
50,Youngblood,5 Seconds of Summer,1122507,https://open.spotify.com/track/2iUXsYOEPhVqEBwsqP70rE,2019-01-01,2iUXsYOEPhVqEBwsqP70rE,0.0169,0.596,203418,0.854,0,7,0.124,-5.114,0,0.463,120.274,4,0.152,excited
42,whoa (mind in awe),XXXTENTACION,1312739,https://open.spotify.com/track/7pdF27mSDuPWhppnHAmWHa,2019-01-02,7pdF27mSDuPWhppnHAmWHa,0.653,0.735,157777,0.525,0.918,6,0.101,-2.939,0,0.0441,160.147,4,0.369,excited
43,Bad Liar,Imagine Dragons,1302602,https://open.spotify.com/track/2RSHsoi04658QL5xgQVov3,2019-01-02,2RSHsoi04658QL5xgQVov3,0.0722,0.383,260773,0.637,0,3,0.368,-6.993,1,0.0703,177.913,4,0.0827,excited
44,Look Back at It,A Boogie Wit da Hoodie,1275935,https://open.spotify.com/track/3Ol2xnObFdKV9pmRD2t9x8,2019-01-02,3Ol2xnObFdKV9pmRD2t9x8,0.407,0.791,179449,0.587,0,3,0.148,-5.075,0,0.0413,96.057,4,0.536,happy
46,Ruin My Life,Zara Larsson,1269655,https://open.spotify.com/track/5tAa8Uaqr4VvA3693mbIhU,2019-01-02,5tAa8Uaqr4VvA3693mbIhU,0.423,0.665,190932,0.699,0,11,0.0969,-5.265,1,0.0578,124.896,4,0.585,happy
47,Kiss and Make Up,Dua Lipa,1257598,https://open.spotify.com/track/13hvHEstJ4sNbzdroPrPI3,2019-01-02,13hvHEstJ4sNbzdroPrPI3,0.0557,0.675,190560,0.729,0,8,0.189,-4.383,1,0.146,99.986,4,0.63,happy
49,Desconocidos,Mau y Ricky,1293323,https://open.spotify.com/track/0s5DNDV6LAKn2u2Ufa3VjQ,2019-01-05,0s5DNDV6LAKn2u2Ufa3VjQ,0.146,0.709,204453,0.771,3.29E-06,7,0.249,-4.598,1,0.166,174.006,4,0.709,happy
48,lovely,Billie Eilish,1197489,https://open.spotify.com/track/1NJcg626wLln4pGHpiV7mf,2019-01-06,1NJcg626wLln4pGHpiV7mf,0.934,0.351,200186,0.296,0,4,0.095,-10.109,0,0.0333,115.284,4,0.12,sad
49,a lot,21 Savage,1302425,https://open.spotify.com/track/2t8yVaLvJ0RenpXUIAC52d,2019-01-07,2t8yVaLvJ0RenpXUIAC52d,0.0395,0.837,288624,0.636,0.00125,1,0.342,-7.643,1,0.086,145.972,4,0.274,excited
8,Dancing With A Stranger (with Normani),Sam Smith,3001247,https://open.spotify.com/track/6Qs4SXO9dwPj5GKvVOv8Ki,2019-01-11,6Qs4SXO9dwPj5GKvVOv8Ki,0.45,0.741,171030,0.52,1.97E-06,8,0.222,-7.513,1,0.0656,102.998,4,0.347,excited
14,Lost in the Fire,Gesaffelstein,2598505,https://open.spotify.com/track/7wFybC8jBH3zE139OpCtpG,2019-01-11,7wFybC8jBH3zE139OpCtpG,0.0863,0.663,202093,0.675,0.00133,2,0.117,-12.159,1,0.0359,101.004,4,0.176,excited
34,Giant (with Rag'n'Bone Man),Calvin Harris,1718404,https://open.spotify.com/track/5itOtNx0WxtJmi1TQ3RuRd,2019-01-11,5itOtNx0WxtJmi1TQ3RuRd,0.016,0.807,229184,0.887,0.000503,1,0.0811,-4.311,0,0.0361,122.015,4,0.606,happy
48,Amanece,Anuel AA,1318523,https://open.spotify.com/track/1LiN0Z98FkR1t0m8KmLcAH,2019-01-15,1LiN0Z98FkR1t0m8KmLcAH,0.437,0.79,190005,0.631,0,8,0.158,-5.549,0,0.0425,94.039,4,0.889,happy
44,Secreto,Anuel AA,1429791,https://open.spotify.com/track/5W83ErFkO3aKAIS1WMi6u0,2019-01-17,5W83ErFkO3aKAIS1WMi6u0,0.602,0.807,258800,0.803,0.00853,11,0.136,-4.156,1,0.126,91.987,4,0.706,happy
1,7 rings,Ariana Grande,8554577,https://open.spotify.com/track/14msK75pk3pA33pzPVNtBF,2019-01-18,14msK75pk3pA33pzPVNtBF,0.578,0.725,178640,0.321,0,1,0.0884,-10.744,0,0.323,70.142,4,0.319,sad
27,First Off (feat. Travis Scott),Future,1943504,https://open.spotify.com/track/3WRIaWsws011vHMd9uzPjG,2019-01-18,3WRIaWsws011vHMd9uzPjG,0.013,0.734,228367,0.683,0,1,0.28,-6.105,1,0.0776,162.038,4,0.445,excited
35,Hobby Hobby,MERO,1712691,https://open.spotify.com/track/260R90ctQ1SiPax90PuEsT,2019-01-18,260R90ctQ1SiPax90PuEsT,0.379,0.737,153308,0.75,0,8,0.131,-6.464,1,0.298,81.955,4,0.857,happy
37,Keanu Reeves,Logic,1708178,https://open.spotify.com/track/25F6MWrnFBCXVnpN4n76EK,2019-01-18,25F6MWrnFBCXVnpN4n76EK,0.0591,0.71,225987,0.888,0,2,0.134,-6.457,1,0.235,170.193,4,0.816,happy
43,Crushed Up,Future,1636425,https://open.spotify.com/track/7wcyO1rrH3Ru4t659IjG41,2019-01-18,7wcyO1rrH3Ru4t659IjG41,0.0415,0.781,149949,0.597,0,10,0.152,-6.794,0,0.23,158.043,4,0.544,happy
47,Baila Baila Baila,Ozuna,1222552,https://open.spotify.com/track/7uH27oIt4a6cIFCA8ZPcyG,2019-01-20,7uH27oIt4a6cIFCA8ZPcyG,0.0361,0.816,158400,0.754,0,11,0.217,-2.75,0,0.111,99.966,4,0.533,happy
49,Hope,The Chainsmokers,1317607,https://open.spotify.com/track/4BiiOzZCrXEzHRLYcYFiD5,2019-01-21,4BiiOzZCrXEzHRLYcYFiD5,0.488,0.773,180120,0.699,3.60E-06,1,0.0814,-5.982,0,0.0958,104.941,4,0.513,happy
2,MIDDLE CHILD,J. Cole,5194744,https://open.spotify.com/track/2JvzF1RMd7lE3KmFlsyZD8,2019-01-24,2JvzF1RMd7lE3KmFlsyZD8,0.149,0.837,213594,0.364,0,8,0.271,-11.713,1,0.276,123.984,4,0.463,sad
22,"Swan Song (From the Motion Picture ""Alita: Battle Angel"")",Dua Lipa,2087501,https://open.spotify.com/track/5600nq7TiBraBX2jobyJ3l,2019-01-25,5600nq7TiBraBX2jobyJ3l,0.00579,0.588,182075,0.821,0.000275,5,0.208,-6.54,0,0.216,188.098,4,0.509,happy
35,i'm so tired...,Lauv,1717210,https://open.spotify.com/track/7COXchtUOMd6uIT6HvmRaI,2019-01-25,7COXchtUOMd6uIT6HvmRaI,0.176,0.599,162583,0.733,0,11,0.242,-7.058,1,0.203,102.211,4,0.534,happy
48,Nights Like This (feat. Ty Dolla $ign),Kehlani,1378792,https://open.spotify.com/track/7e4KQkp5ZR1gXCAalRjX6B,2019-01-29,7e4KQkp5ZR1gXCAalRjX6B,0.367,0.61,201788,0.725,0,8,0.154,-5.131,1,0.15,146.163,4,0.291,excited
40,bury a friend,Billie Eilish,1552780,https://open.spotify.com/track/4NzMOnvSJVNKF7nw5NkXIP,2019-01-30,4NzMOnvSJVNKF7nw5NkXIP,0.74,0.905,193143,0.389,0.162,8,0.106,-14.505,1,0.332,120.046,4,0.196,sad
42,Con Calma,Daddy Yankee,1603059,https://open.spotify.com/track/5w9c2J52mkdntKOmRLeM2m,2019-02-01,5w9c2J52mkdntKOmRLeM2m,0.11,0.737,193227,0.86,1.94E-06,8,0.0574,-2.652,0,0.0593,93.989,4,0.656,happy
44,Racks on Racks,Lil Pump,1556911,https://open.spotify.com/track/0SfG57HqtBNqKN9O27fo1s,2019-02-01,0SfG57HqtBNqKN9O27fo1s,0.0311,0.822,129778,0.484,6.22E-06,1,0.31,-7.166,1,0.0865,150.061,4,0.0934,sad
44,Thotiana,Blueface,1536114,https://open.spotify.com/track/3oh6SCCeLuXhFpEyepla6G,2019-02-02,3oh6SCCeLuXhFpEyepla6G,0.18,0.906,129264,0.382,0,10,0.113,-12.89,0,0.269,104.025,4,0.391,sad
50,Let Me Down Slowly,Alec Benjamin,1293171,https://open.spotify.com/track/2qxmye6gAegTMjLKEBoR3d,2019-02-04,2qxmye6gAegTMjLKEBoR3d,0.74,0.652,169354,0.557,0,1,0.124,-5.714,0,0.0318,150.073,4,0.483,excited
1,7 rings,Ariana Grande,10445538,https://open.spotify.com/track/6ocbgoVGwYJhOv1GgI9NsF,2019-02-08,6ocbgoVGwYJhOv1GgI9NsF,0.592,0.778,178627,0.317,0,1,0.0881,-10.732,0,0.334,140.048,4,0.327,sad
2,"break up with your girlfriend, i'm bored",Ariana Grande,7599830,https://open.spotify.com/track/4kV4N9D1iKVxx1KLvtTpjS,2019-02-08,4kV4N9D1iKVxx1KLvtTpjS,0.0421,0.726,190440,0.554,0,5,0.106,-5.29,0,0.0917,169.999,4,0.335,excited
3,needy,Ariana Grande,5821541,https://open.spotify.com/track/1TEL6MlSSVLSdhOSddidlJ,2019-02-08,1TEL6MlSSVLSdhOSddidlJ,0.78,0.647,171573,0.309,7.41E-06,7,0.202,-7.948,0,0.0366,87.045,4,0.195,sad
4,"thank u, next",Ariana Grande,5787523,https://open.spotify.com/track/3e9HZxeyfWwjeyPAMmWSSQ,2019-02-08,3e9HZxeyfWwjeyPAMmWSSQ,0.229,0.717,207320,0.653,0,1,0.101,-5.634,1,0.0658,106.966,4,0.412,excited
5,NASA,Ariana Grande,5606877,https://open.spotify.com/track/4SPu0Ql902hTVXkBoNIYtq,2019-02-08,4SPu0Ql902hTVXkBoNIYtq,0.447,0.737,182000,0.461,0,6,0.268,-6.887,1,0.293,75.005,4,0.481,sad
6,bloodline,Ariana Grande,5490853,https://open.spotify.com/track/2hloaUoRonYssMuqLCBLTX,2019-02-08,2hloaUoRonYssMuqLCBLTX,0.0815,0.758,216893,0.665,0.000157,2,0.216,-5.188,0,0.0774,151.976,4,0.643,happy
7,bad idea,Ariana Grande,5175165,https://open.spotify.com/track/7EQpvVujgytLVY8vKiDHAg,2019-02-08,7EQpvVujgytLVY8vKiDHAg,0.0276,0.847,267107,0.58,0.0548,1,0.1,-5.316,1,0.0723,137.995,4,0.575,happy
8,fake smile,Ariana Grande,4871271,https://open.spotify.com/track/3wFLWP0FcIqHK1wb1CPthQ,2019-02-08,3wFLWP0FcIqHK1wb1CPthQ,0.329,0.45,208880,0.619,0,9,0.319,-7.412,1,0.372,83.3,4,0.427,excited
9,ghostin,Ariana Grande,4531561,https://open.spotify.com/track/4lD7gHKF1e8Y9stQuVezZB,2019-02-08,4lD7gHKF1e8Y9stQuVezZB,0.422,0.396,271467,0.358,1.71E-05,9,0.19,-8.294,1,0.0292,103.807,4,0.111,sad
12,imagine,Ariana Grande,4298231,https://open.spotify.com/track/39LmTF9RgyakzSYX8txrow,2019-02-08,39LmTF9RgyakzSYX8txrow,0.378,0.729,212267,0.475,0,8,0.12,-4.985,1,0.0364,62.52,3,0.371,sad
14,in my head,Ariana Grande,3963509,https://open.spotify.com/track/4T652DlATVHe0jdLKaN3Bw,2019-02-08,4T652DlATVHe0jdLKaN3Bw,0.173,0.662,222947,0.6,0.000137,0,0.109,-6.402,1,0.0703,134.979,4,0.331,excited
15,make up,Ariana Grande,3948984,https://open.spotify.com/track/27356GVuMPFWiJSZCragoM,2019-02-08,27356GVuMPFWiJSZCragoM,0.0844,0.671,140693,0.714,1.48E-06,7,0.0568,-5.373,1,0.21,105.137,3,0.477,excited
24,Talk,Khalid,2703793,https://open.spotify.com/track/0rTV5WefWd1J3OwIheTzxM,2019-02-08,0rTV5WefWd1J3OwIheTzxM,0.0501,0.9,197487,0.4,0,0,0.0876,-8.443,1,0.124,136.001,4,0.338,sad
33,Who Do You Love,The Chainsmokers,2271755,https://open.spotify.com/track/11cDEev79fPKi6uJCjUhu8,2019-02-08,11cDEev79fPKi6uJCjUhu8,0.00791,0.51,226747,0.835,0,3,0.219,-4.673,1,0.0447,140.024,4,0.435,excited
40,Soldi,Mahmood,1559859,https://open.spotify.com/track/2dxky69jKzbtUfA3Hl8Nuo,2019-02-10,2dxky69jKzbtUfA3Hl8Nuo,0.0404,0.69,195476,0.581,0,3,0.111,-9.832,0,0.0466,94.904,4,0.372,excited
16,Please Me,Cardi B,2743727,https://open.spotify.com/track/0PG9fbaaHFHfre2gUVo7AN,2019-02-15,0PG9fbaaHFHfre2gUVo7AN,0.0642,0.747,200890,0.57,0,1,0.0832,-6.711,1,0.081,133.992,4,0.65,happy
30,Robbery,Juice WRLD,2227872,https://open.spotify.com/track/711MglQhnhOF3UAiAs9A59,2019-02-15,711MglQhnhOF3UAiAs9A59,0.278,0.669,240437,0.683,0,2,0.268,-5.17,1,0.054,159.996,4,0.579,happy
39,365,Zedd,1835240,https://open.spotify.com/track/2XWjPtKdi5sucFYtVav07d,2019-02-15,2XWjPtKdi5sucFYtVav07d,0.339,0.745,181900,0.693,0,2,0.123,-5.479,0,0.034,98.039,4,0.248,excited
49,Pure Water (with Migos),Mustard,1480388,https://open.spotify.com/track/63cd4JkwGgYJrbOizbfmsp,2019-02-16,63cd4JkwGgYJrbOizbfmsp,0.172,0.68,194520,0.559,0,0,0.318,-5.545,1,0.129,202.006,4,0.137,excited
48,Murder On My Mind,YNW Melly,1366786,https://open.spotify.com/track/7eBqSVxrzQZtK2mmgRG6lC,2019-02-17,7eBqSVxrzQZtK2mmgRG6lC,0.145,0.759,268434,0.73,3.06E-06,0,0.11,-7.985,0,0.0516,115.007,4,0.74,happy
45,Don't Call Me Up,Mabel,1520184,https://open.spotify.com/track/5WHTFyqSii0lmT9R21abT8,2019-02-19,5WHTFyqSii0lmT9R21abT8,0.296,0.674,178480,0.881,3.01E-06,9,0.0793,-2.853,1,0.147,98.994,4,0.234,excited
25,Robbery,Juice WRLD,2081793,https://open.spotify.com/track/44ShclXTOOnYtt5CnCDeGV,2019-02-20,44ShclXTOOnYtt5CnCDeGV,0.342,0.708,240527,0.691,0,2,0.222,-5.179,1,0.0442,79.99,4,0.535,happy
5,Sunflower - Spider-Man: Into the Spider-Verse,Post Malone,3541999,https://open.spotify.com/track/7dbka99KTWke5o9hRp0JoB,2019-02-22,7dbka99KTWke5o9hRp0JoB,0.552,0.761,158040,0.479,0,2,0.0704,-5.574,1,0.0466,89.913,4,0.912,peacefull
43,Bola Rebola,Tropkillaz,1638534,https://open.spotify.com/track/1OUPXna2MCgAt3VNmXJBtg,2019-02-22,1OUPXna2MCgAt3VNmXJBtg,0.22,0.834,193440,0.777,0.00609,5,0.335,-4.538,0,0.0593,129.984,4,0.865,happy
44,Legacy (feat. Travis Scott & 21 Savage),Offset,1619998,https://open.spotify.com/track/7pMRoGLEJuFM2wl5pt0R99,2019-02-22,7pMRoGLEJuFM2wl5pt0R99,0.178,0.844,244941,0.513,0,1,0.0845,-8.769,1,0.335,128.085,4,0.344,excited
49,Nights Like This (feat. Ty Dolla $ign),Kehlani,1544744,https://open.spotify.com/track/6ZRuF2n1CQxyxxAAWsKJOy,2019-02-22,6ZRuF2n1CQxyxxAAWsKJOy,0.367,0.61,201788,0.725,0,8,0.154,-5.131,1,0.15,146.163,4,0.291,excited
37,Always Remember Us This Way,Lady Gaga,1537164,https://open.spotify.com/track/2rbDhOo9Fh61Bbu23T2qCk,2019-02-25,2rbDhOo9Fh61Bbu23T2qCk,0.299,0.553,210200,0.502,0,0,0.764,-5.972,1,0.0409,129.976,4,0.296,excited
50,Swervin (feat. 6ix9ine),A Boogie Wit da Hoodie,1407234,https://open.spotify.com/track/1wJRveJZLSb1rjhnUHQiv6,2019-02-25,1wJRveJZLSb1rjhnUHQiv6,0.0153,0.581,189487,0.662,0,9,0.111,-5.239,1,0.303,93.023,4,0.434,excited
3,Sucker,Jonas Brothers,5168503,https://open.spotify.com/track/4y3OI86AEP6PQoDE6olYhO,2019-03-01,4y3OI86AEP6PQoDE6olYhO,0.0427,0.842,181040,0.734,0,1,0.106,-5.065,0,0.0588,137.958,4,0.952,happy
16,"I Can’t Get Enough (benny blanco, Selena Gomez, J Balvin, Tainy)",benny blanco,2846195,https://open.spotify.com/track/1WSGTYKLEpKfNQYYW5Oymt,2019-03-01,1WSGTYKLEpKfNQYYW5Oymt,0.404,0.541,158027,0.468,3.65E-06,10,0.358,-4.039,0,0.362,95.266,4,0.69,peacefull
48,Rule The World (feat. Ariana Grande),2 Chainz,1481682,https://open.spotify.com/track/1R6VwZ8TuHRzxZUxe88n4I,2019-03-01,1R6VwZ8TuHRzxZUxe88n4I,0.158,0.592,245893,0.584,2.63E-06,8,0.132,-6.232,0,0.0893,88.073,4,0.447,excited
46,Te Vi,Piso 21,1424293,https://open.spotify.com/track/059bcIhyc2SBwm6sw2AZzd,2019-03-02,059bcIhyc2SBwm6sw2AZzd,0.0446,0.877,231848,0.777,3.46E-05,1,0.0863,-4.246,1,0.117,102.02,4,0.706,happy
49,Un Año,Sebastian Yatra,1344276,https://open.spotify.com/track/5BDP2tky8oMQJPS33frKVp,2019-03-02,5BDP2tky8oMQJPS33frKVp,0.148,0.771,164440,0.382,0,1,0.104,-6.808,0,0.0514,94.931,4,0.535,peacefull
47,Ella Quiere Beber - Remix,Anuel AA,1372356,https://open.spotify.com/track/3f5lA8nnc4YYF1qf78WpHw,2019-03-04,3f5lA8nnc4YYF1qf78WpHw,0.265,0.75,219357,0.665,0,8,0.0515,-3.083,1,0.124,95.239,4,0.697,happy
13,wish you were gay,Billie Eilish,2625728,https://open.spotify.com/track/4txc3txsIt81diMzGhrVPS,2019-03-05,4txc3txsIt81diMzGhrVPS,0.39,0.853,221543,0.351,9.38E-06,7,0.752,-10.198,1,0.241,118.028,4,0.282,sad
11,Robbery,Juice WRLD,2823295,https://open.spotify.com/track/6Hj9jySrnFppAI0sEMCZpJ,2019-03-08,6Hj9jySrnFppAI0sEMCZpJ,0.328,0.685,240051,0.692,0,2,0.153,-5.122,1,0.0457,159.966,5,0.578,happy
20,Fast,Juice WRLD,2478163,https://open.spotify.com/track/6MjNilJCVKJq0LfFvo5jWJ,2019-03-08,6MjNilJCVKJq0LfFvo5jWJ,0.426,0.623,208518,0.608,0,1,0.105,-5.937,0,0.0434,84.98,4,0.263,excited
26,My Bad,Khalid,2144250,https://open.spotify.com/track/1DUSuNhF8P5vUGNPpQiZa5,2019-03-08,1DUSuNhF8P5vUGNPpQiZa5,0.543,0.645,166101,0.568,0.266,5,0.257,-9.127,0,0.0823,84.999,4,0.391,excited
32,Hear Me Calling,Juice WRLD,1929805,https://open.spotify.com/track/13ZyrkCDmRz5xY3seuAWYk,2019-03-08,13ZyrkCDmRz5xY3seuAWYk,0.308,0.699,189977,0.687,3.63E-05,7,0.121,-3.997,0,0.106,88.932,4,0.499,excited
33,Empty,Juice WRLD,1925055,https://open.spotify.com/track/41MCdlvXOl62B7Kv86Bb1v,2019-03-08,41MCdlvXOl62B7Kv86Bb1v,0.0758,0.745,248431,0.561,0,0,0.133,-4.869,1,0.0807,77.557,4,0.449,excited
38,Wolke 10,MERO,1774536,https://open.spotify.com/track/14f1n3XCW3fQhAODW0CwLK,2019-03-08,14f1n3XCW3fQhAODW0CwLK,0.0662,0.77,172827,0.797,3.81E-06,10,0.0858,-4.985,0,0.0693,100.003,4,0.393,excited
47,Maze,Juice WRLD,1584679,https://open.spotify.com/track/4mUIe9gfsdtsVP2zFIl74x,2019-03-08,4mUIe9gfsdtsVP2zFIl74x,0.126,0.674,144090,0.726,1.56E-06,11,0.115,-3.813,0,0.141,160.067,4,0.443,excited
40,HP,Maluma,1544705,https://open.spotify.com/track/31UjYv5vLsDkzchJOtUMtW,2019-03-09,31UjYv5vLsDkzchJOtUMtW,0.252,0.837,184436,0.791,1.14E-06,4,0.188,-3.157,0,0.0773,91.98,4,0.618,happy
47,Here With Me,Marshmello,1388335,https://open.spotify.com/track/5icOoE6VgqFKohjWWNp0Ac,2019-03-11,5icOoE6VgqFKohjWWNp0Ac,0.0623,0.791,156347,0.565,0,5,0.156,-3.933,0,0.0439,99.961,4,0.181,excited
44,Numb Numb Juice,ScHoolboy Q,1591793,https://open.spotify.com/track/4dTiQezDWmEOWcdCbWVWMp,2019-03-15,4dTiQezDWmEOWcdCbWVWMp,0.00122,0.886,114973,0.47,3.36E-05,6,0.121,-7.756,0,0.458,156.997,4,0.184,sad
49,Wolke 10,MERO,1492817,https://open.spotify.com/track/200cTjC6si5Xz9af2QeHi2,2019-03-15,200cTjC6si5Xz9af2QeHi2,0.0662,0.77,172827,0.797,3.81E-06,10,0.0858,-4.985,0,0.0693,100.003,4,0.393,excited
50,Pa Mí - Remix,Dalex,1491321,https://open.spotify.com/track/224EVTFiLsdQignUFLvDeH,2019-03-15,224EVTFiLsdQignUFLvDeH,0.753,0.688,360960,0.62,5.27E-06,11,0.158,-8.029,0,0.22,170.018,4,0.727,happy
44,R.I.P. (feat. Rita Ora & Anitta),Sofia Reyes,1329620,https://open.spotify.com/track/6JqpFboOH2bq9pzaYbkKBn,2019-03-17,6JqpFboOH2bq9pzaYbkKBn,0.18,0.764,187200,0.752,0,8,0.0701,-3.713,0,0.0711,100.066,4,0.698,happy
49,Old Town Road,Lil Nas X,1357760,https://open.spotify.com/track/53CJANUxooaqGOtdsBTh7O,2019-03-18,53CJANUxooaqGOtdsBTh7O,0.0361,0.908,113013,0.517,1.73E-06,1,0.0949,-6.063,1,0.129,136.019,4,0.471,excited
50,Someone You Loved,Lewis Capaldi,1375415,https://open.spotify.com/track/2TIlqbIneP0ZY1O0EzYLlc,2019-03-19,2TIlqbIneP0ZY1O0EzYLlc,0.751,0.501,182161,0.405,0,1,0.105,-5.679,1,0.0319,109.891,4,0.446,sad
35,Cherry Lady,Capital Bra,1786907,https://open.spotify.com/track/3r1cV21xPMkgCmxk8VqWOB,2019-03-22,3r1cV21xPMkgCmxk8VqWOB,0.877,0.838,135597,0.549,0.000964,9,0.115,-7.145,0,0.0755,114.445,4,0.654,happy
49,Be Alright,Dean Lewis,1484762,https://open.spotify.com/track/2H4gf1wLxvYreMj1jcaN0k,2019-03-22,2H4gf1wLxvYreMj1jcaN0k,0.705,0.551,196493,0.537,0,11,0.0802,-7.595,1,0.034,126.421,4,0.493,excited
30,Au DD,PNL,1834813,https://open.spotify.com/track/6VSaNvPPagk4U5Skxp6XfV,2019-03-23,6VSaNvPPagk4U5Skxp6XfV,0.293,0.777,247161,0.698,2.32E-05,6,0.0908,-7.706,0,0.0704,119.963,4,0.119,excited
39,Bohemian Rhapsody - Remastered 2011,Queen,1548646,https://open.spotify.com/track/4u7EnebtmKWzUH433cf5Qv,2019-03-27,4u7EnebtmKWzUH433cf5Qv,0.271,0.414,354320,0.404,0,0,0.3,-9.928,0,0.0499,71.105,4,0.224,sad
1,bad guy,Billie Eilish,7009369,https://open.spotify.com/track/2Fxmhks0bxGSBdJ92vM42m,2019-03-29,2Fxmhks0bxGSBdJ92vM42m,0.328,0.701,194088,0.425,0.13,7,0.1,-10.965,1,0.375,135.128,4,0.562,peacefull
3,wish you were gay,Billie Eilish,4694627,https://open.spotify.com/track/3Fj47GNK2kUF0uaEDgXLaD,2019-03-29,3Fj47GNK2kUF0uaEDgXLaD,0.39,0.853,221543,0.351,9.38E-06,7,0.752,-10.198,1,0.241,118.028,4,0.282,sad
4,bury a friend,Billie Eilish,4478644,https://open.spotify.com/track/4SSnFejRGlZikf02HLewEF,2019-03-29,4SSnFejRGlZikf02HLewEF,0.74,0.905,193143,0.389,0.162,8,0.106,-14.505,1,0.332,120.046,4,0.196,sad
6,all the good girls go to hell,Billie Eilish,4044926,https://open.spotify.com/track/6IRdLKIyS4p7XNiP8r6rsx,2019-03-29,6IRdLKIyS4p7XNiP8r6rsx,0.283,0.726,168840,0.444,0.143,8,0.177,-8.922,0,0.372,185.044,4,0.569,peacefull
7,xanny,Billie Eilish,3829019,https://open.spotify.com/track/4QIo4oxwzzafcBWkKjDpXY,2019-03-29,4QIo4oxwzzafcBWkKjDpXY,0.751,0.521,243725,0.125,0.00207,9,0.265,-17.832,1,0.239,111.554,4,0.0528,sad
9,when the party's over,Billie Eilish,3605221,https://open.spotify.com/track/43zdsphuZLzwA9k4DJhU0I,2019-03-29,43zdsphuZLzwA9k4DJhU0I,0.978,0.367,196077,0.111,3.97E-05,4,0.0897,-14.084,1,0.0972,82.642,4,0.198,sad
11,you should see me in a crown,Billie Eilish,3432074,https://open.spotify.com/track/3XF5xLJHOQQRbWya6hBp7d,2019-03-29,3XF5xLJHOQQRbWya6hBp7d,0.462,0.678,180953,0.533,0.219,4,0.139,-10.485,1,0.186,150.455,4,0.323,excited
14,my strange addiction,Billie Eilish,3251040,https://open.spotify.com/track/3Tc57t9l2O8FwQZtQOvPXK,2019-03-29,3Tc57t9l2O8FwQZtQOvPXK,0.35,0.939,179889,0.305,0.000169,8,0.105,-10.952,0,0.354,100.029,4,0.563,peacefull
17,ilomilo,Billie Eilish,2745611,https://open.spotify.com/track/7qEKqBCD2vE5vIBsrUitpD,2019-03-29,7qEKqBCD2vE5vIBsrUitpD,0.724,0.855,156371,0.423,0.469,5,0.0896,-15.044,0,0.0585,120.02,4,0.572,peacefull
19,i love you,Billie Eilish,2642970,https://open.spotify.com/track/6CcJMwBtXByIz4zQLzFkKc,2019-03-29,6CcJMwBtXByIz4zQLzFkKc,0.952,0.421,291796,0.131,0.00453,0,0.109,-18.435,1,0.0382,137.446,4,0.12,sad
20,8,Billie Eilish,2600712,https://open.spotify.com/track/6X29iaaazwho3ab7GNue5r,2019-03-29,6X29iaaazwho3ab7GNue5r,0.698,0.735,173202,0.235,0.00604,3,0.107,-13.239,1,0.315,62.446,4,0.462,sad
21,listen before i go,Billie Eilish,2588747,https://open.spotify.com/track/0tMSssfxAL2oV8Vri0mFHE,2019-03-29,0tMSssfxAL2oV8Vri0mFHE,0.935,0.319,242652,0.0561,0.00384,0,0.388,-23.023,1,0.045,79.764,3,0.082,sad
37,goodbye,Billie Eilish,2013396,https://open.spotify.com/track/3LgWsmilsrWXiPYQFRD0T7,2019-03-29,3LgWsmilsrWXiPYQFRD0T7,0.837,0.153,119410,0.138,0.55,6,0.254,-21.877,0,0.0503,74.318,3,0.0503,sad
42,Con Altura,ROSALÍA,1918789,https://open.spotify.com/track/2qG5sZ7Si6sdK74qLxedYM,2019-03-29,2qG5sZ7Si6sdK74qLxedYM,0.39,0.882,161627,0.689,0.00325,6,0.0501,-4.027,1,0.124,97.963,4,0.746,happy
19,MONOPOLY (with Victoria Monét),Ariana Grande,2258634,https://open.spotify.com/track/6tsOcBnaKgzK22yEiqRh8P,2019-04-02,6tsOcBnaKgzK22yEiqRh8P,0.704,0.892,158587,0.507,3.14E-05,0,0.109,-8.282,1,0.378,143.96,4,0.695,happy
4,Kill This Love,BLACKPINK,4003909,https://open.spotify.com/track/3VHrwffnUZFb7FidvPV3OA,2019-04-05,3VHrwffnUZFb7FidvPV3OA,0.32,0.738,189052,0.861,0.00175,2,0.325,-4.141,1,0.237,131.974,4,0.58,happy
12,Talk (feat. Disclosure),Khalid,2986035,https://open.spotify.com/track/6TqXcAFInzjp0bODyvrWEq,2019-04-05,6TqXcAFInzjp0bODyvrWEq,0.051,0.901,197573,0.4,0,0,0.0599,-8.575,1,0.126,135.984,4,0.346,sad
15,Outta My Head (with John Mayer),Khalid,2716695,https://open.spotify.com/track/09oZ9eXQ2fo6YDrPzJqAoP,2019-04-05,09oZ9eXQ2fo6YDrPzJqAoP,0.0174,0.729,177067,0.545,0.000274,0,0.369,-7.818,1,0.0316,103.012,4,0.514,happy
16,My Bad,Khalid,2676926,https://open.spotify.com/track/2XKFnwB6djxrJCjR3PdeRb,2019-04-05,2XKFnwB6djxrJCjR3PdeRb,0.547,0.577,163973,0.578,0.59,0,0.264,-9.146,0,0.0906,84.965,4,0.367,excited
20,Old Town Road (feat. Billy Ray Cyrus) - Remix,Lil Nas X,2403130,https://open.spotify.com/track/6u7jPi22kF8CTQ3rb9DHE7,2019-04-05,6u7jPi22kF8CTQ3rb9DHE7,0.0533,0.878,157067,0.619,0,6,0.113,-5.56,1,0.102,136.041,4,0.639,happy
40,Don't Pretend (feat. SAFE),Khalid,1909515,https://open.spotify.com/track/1E6DEDWDKHoOW0fcFuDghV,2019-04-05,1E6DEDWDKHoOW0fcFuDghV,0.258,0.697,165840,0.551,0.00551,11,0.124,-8.833,1,0.0815,89,4,0.219,excited
46,Cool,Jonas Brothers,1706680,https://open.spotify.com/track/3QmolSZqjjLksTUvZJ6pPS,2019-04-05,3QmolSZqjjLksTUvZJ6pPS,0.0105,0.681,167120,0.603,0,0,0.159,-5.533,1,0.0458,79.007,4,0.643,happy
48,Bad Luck,Khalid,1681033,https://open.spotify.com/track/2vsuel3g4zaLYSOY0mOMbi,2019-04-05,2vsuel3g4zaLYSOY0mOMbi,0.277,0.432,231653,0.52,0.371,1,0.138,-5.515,0,0.0548,164.047,4,0.303,excited
45,Verte Ir,DJ Luian,1610409,https://open.spotify.com/track/4lzxJ4jCuFDXXGkE1LmpKR,2019-04-06,4lzxJ4jCuFDXXGkE1LmpKR,0.391,0.857,267500,0.647,1.20E-06,11,0.0842,-4.152,0,0.0984,95.982,4,0.553,happy
50,Te Robaré,Nicky Jam,1505158,https://open.spotify.com/track/6v0lAdFF4haL8xjBIUjtOw,2019-04-06,6v0lAdFF4haL8xjBIUjtOw,0.241,0.673,201818,0.752,4.51E-05,2,0.0813,-3.572,0,0.0561,175.997,4,0.797,happy
48,On My Way,Alan Walker,1433040,https://open.spotify.com/track/4n7jnSxVLd8QioibtTDBDq,2019-04-08,4n7jnSxVLd8QioibtTDBDq,0.0209,0.509,193798,0.689,0,1,0.301,-4.929,0,0.102,170.087,4,0.297,excited
8,Kill This Love,BLACKPINK,3092556,https://open.spotify.com/track/4pUCKHjJ4Ijewc37rRrvHn,2019-04-09,4pUCKHjJ4Ijewc37rRrvHn,0.32,0.738,189052,0.861,0.00175,2,0.325,-4.141,1,0.237,131.974,4,0.58,happy
46,Sanguine Paradise,Lil Uzi Vert,1489786,https://open.spotify.com/track/3XiNC94b4Tq1xwv70sQJGN,2019-04-10,3XiNC94b4Tq1xwv70sQJGN,0.0948,0.729,243976,0.603,0,6,0.113,-6.736,0,0.0666,134.972,4,0.207,excited
5,SOS,Avicii,3501801,https://open.spotify.com/track/6nDKrPlXdpomGBgAlO7UdP,2019-04-11,6nDKrPlXdpomGBgAlO7UdP,0.272,0.802,157202,0.645,0,5,0.119,-6.181,0,0.0715,100.001,4,0.376,excited
4,Boy With Luv (feat. Halsey),BTS,4541312,https://open.spotify.com/track/5KawlOMHjWeUjQtnuRs22c,2019-04-12,5KawlOMHjWeUjQtnuRs22c,0.0923,0.645,229773,0.862,0,11,0.192,-4.757,0,0.0965,119.991,4,0.798,happy
14,Mikrokosmos,BTS,2695389,https://open.spotify.com/track/5hnbE5BF2e8BCk9OMR1UVC,2019-04-12,5hnbE5BF2e8BCk9OMR1UVC,0.125,0.58,224225,0.858,0,8,0.0502,-5.212,1,0.114,174.039,3,0.475,excited
17,Make It Right,BTS,2600135,https://open.spotify.com/track/6KUE0HSSudAp9AOycaF6SH,2019-04-12,6KUE0HSSudAp9AOycaF6SH,0.0104,0.638,226321,0.703,0,7,0.132,-7.874,1,0.444,105.766,4,0.261,excited
19,HOME,BTS,2462001,https://open.spotify.com/track/7lthOBXNue2IvedLRfkod8,2019-04-12,7lthOBXNue2IvedLRfkod8,0.0142,0.633,234178,0.799,0,7,0.194,-4.625,0,0.0429,142.991,4,0.535,happy
22,Dionysus,BTS,2281412,https://open.spotify.com/track/6JdS5rJvJaRA7B1tcm7kxZ,2019-04-12,6JdS5rJvJaRA7B1tcm7kxZ,0.04,0.502,249215,0.91,0,7,0.319,-2.769,1,0.107,176.084,4,0.588,happy
24,Jamais Vu,BTS,2270674,https://open.spotify.com/track/0eeeyCAGnGZInPtpkdYiPa,2019-04-12,0eeeyCAGnGZInPtpkdYiPa,0.226,0.608,227275,0.47,0,8,0.0963,-6.73,1,0.0428,81,4,0.241,sad
39,Intro : Persona,BTS,1859481,https://open.spotify.com/track/2isSdmQfVv32j2haL6hk9x,2019-04-12,2isSdmQfVv32j2haL6hk9x,0.0278,0.469,171023,0.87,0,9,0.313,-4.475,0,0.342,86.622,4,0.652,happy
47,Tal Vez,Paulo Londra,1454415,https://open.spotify.com/track/46lvmzK8wxAy66tjzXXSh0,2019-04-16,46lvmzK8wxAy66tjzXXSh0,0.266,0.849,264483,0.655,0,8,0.0781,-2.899,1,0.106,161.966,4,0.76,happy
49,So Am I,Ava Max,1431473,https://open.spotify.com/track/0uUNN1nSoUx1A4fkDCWDQ7,2019-04-17,0uUNN1nSoUx1A4fkDCWDQ7,0.0737,0.682,183027,0.656,0,6,0.353,-4.67,1,0.0435,130.089,4,0.607,happy
24,Power is Power,SZA,1984418,https://open.spotify.com/track/35RDmXJ59YYGNlv1KfTGsP,2019-04-19,35RDmXJ59YYGNlv1KfTGsP,0.00413,0.507,211267,0.644,0,4,0.217,-7.485,1,0.0641,179.913,4,0.172,excited
46,Earth,Lil Dicky,1409190,https://open.spotify.com/track/2S1LebN6AXXQqJolBxlWgO,2019-04-22,2S1LebN6AXXQqJolBxlWgO,0.639,0.694,281500,0.664,0,2,0.0929,-4.649,1,0.05,95.941,4,0.676,happy
35,Hold Up,Beyoncé,1659841,https://open.spotify.com/track/0rzNMzZsubFcXSEh7dnem7,2019-04-23,0rzNMzZsubFcXSEh7dnem7,0.745,0.524,221093,0.397,0,0,0.521,-11.936,1,0.405,80.744,4,0.552,peacefull
37,Sorry,Beyoncé,1652812,https://open.spotify.com/track/0lnIJmgcUpEpe4AZACjayW,2019-04-23,0lnIJmgcUpEpe4AZACjayW,0.00175,0.775,232560,0.598,4.44E-06,2,0.253,-7.274,1,0.0535,129.988,4,0.356,excited
46,Formation,Beyoncé,1524931,https://open.spotify.com/track/6g0Orsxv6glTJCt4cHsRsQ,2019-04-23,6g0Orsxv6glTJCt4cHsRsQ,0.00532,0.896,206080,0.621,0,5,0.196,-6.857,0,0.237,121.966,4,0.818,happy
49,"Carry On (from the Original Motion Picture ""POKÉMON Detective Pikachu"")",Kygo,1344490,https://open.spotify.com/track/3y3brCCecHC3Db18aIOnny,2019-04-25,3y3brCCecHC3Db18aIOnny,0.381,0.591,215316,0.705,0.000116,9,0.131,-6.519,0,0.079,121.799,4,0.27,excited
1,ME! (feat. Brendon Urie of Panic! At The Disco),Taylor Swift,7945784,https://open.spotify.com/track/4Sib57MmYGJzSvkW84jTwh,2019-04-26,4Sib57MmYGJzSvkW84jTwh,0.0291,0.614,193040,0.839,0,0,0.112,-4.143,1,0.0702,182.123,4,0.657,happy
46,Light It Up (with Tyga & Chris Brown),Marshmello,1550294,https://open.spotify.com/track/4Q8aDd3H6LF8t4eY7So9O8,2019-04-26,4Q8aDd3H6LF8t4eY7So9O8,0.0407,0.81,137448,0.625,1.53E-06,11,0.118,-3.593,0,0.071,100.019,4,0.598,happy
47,Floating (feat. 21 Savage),ScHoolboy Q,1532099,https://open.spotify.com/track/4NN6N5TxBO5k9uqu0W4gfQ,2019-04-26,4NN6N5TxBO5k9uqu0W4gfQ,0.181,0.906,186827,0.545,0,11,0.091,-4.977,0,0.344,139.932,4,0.543,happy
49,Truth Hurts,Lizzo,1298377,https://open.spotify.com/track/4HFpIAtiojlAuYNmITpYGn,2019-04-29,4HFpIAtiojlAuYNmITpYGn,0.11,0.715,173325,0.624,0,4,0.123,-3.046,0,0.114,158.087,4,0.412,excited
49,Walk Me Home,P!nk,1265587,https://open.spotify.com/track/6jfEZdUJ2Yla6h7gTJgKuo,2019-05-01,6jfEZdUJ2Yla6h7gTJgKuo,0.0519,0.652,177391,0.453,0,1,0.179,-6.119,1,0.0445,88.038,3,0.432,sad
48,Otro Trago,Sech,1363446,https://open.spotify.com/track/1Ej96GIBCTvgH7tNX1r3qr,2019-05-02,1Ej96GIBCTvgH7tNX1r3qr,0.136,0.747,225933,0.7,0.000167,0,0.11,-4.669,1,0.341,176.036,4,0.62,happy
2,Homicide,Logic,5178465,https://open.spotify.com/track/0Lw6aQcBFWTQ9m4MSwwwes,2019-05-03,0Lw6aQcBFWTQ9m4MSwwwes,0.145,0.722,245413,0.764,0,10,0.171,-5.656,0,0.398,139.831,4,0.796,happy
5,If I Can't Have You,Shawn Mendes,4105891,https://open.spotify.com/track/6LsAAHotRLMOHfCsSfYCsz,2019-05-03,6LsAAHotRLMOHfCsSfYCsz,0.524,0.692,190800,0.809,0,2,0.147,-4.198,1,0.0602,123.911,4,0.864,happy
50,Truth Hurts,Lizzo,1473645,https://open.spotify.com/track/5qmq61DAAOUaW8AUo8xKhh,2019-05-03,5qmq61DAAOUaW8AUo8xKhh,0.11,0.715,173325,0.624,0,4,0.123,-3.046,0,0.114,158.087,4,0.412,excited
49,Paradise,Bazzi,1421956,https://open.spotify.com/track/7njKgVl3AnLflRad38o7AG,2019-05-04,7njKgVl3AnLflRad38o7AG,0.0828,0.844,169038,0.644,0,11,0.113,-6.273,0,0.0479,122.061,4,0.591,happy
1,I Don't Care (with Justin Bieber),Ed Sheeran,10977389,https://open.spotify.com/track/3HVWdVOQ0ZA45FuZGSfvns,2019-05-10,3HVWdVOQ0ZA45FuZGSfvns,0.0912,0.798,219947,0.675,0,6,0.0894,-5.041,1,0.0442,101.956,4,0.842,happy
5,Homicide (feat. Eminem),Logic,3785559,https://open.spotify.com/track/2MuMD298IpYqKF367wegUd,2019-05-10,2MuMD298IpYqKF367wegUd,0.137,0.694,245387,0.759,0,10,0.167,-5.667,0,0.398,140.055,4,0.77,happy
17,Tough Love,Avicii,2297425,https://open.spotify.com/track/4XZxalvnG4Yo8YZLuiT1kV,2019-05-10,4XZxalvnG4Yo8YZLuiT1kV,0.143,0.402,191248,0.754,0,8,0.358,-4.837,1,0.0432,108.17,4,0.621,happy
22,Pa Mí - Remix,Dalex,2041667,https://open.spotify.com/track/7g8YaUQABMal0zWe7a2ijz,2019-05-10,7g8YaUQABMal0zWe7a2ijz,0.753,0.688,360960,0.62,5.27E-06,11,0.158,-8.029,0,0.22,170.018,4,0.727,happy
43,Soltera - Remix,Lunay,1579257,https://open.spotify.com/track/1c0hsvHLELX6y8qymnpLKL,2019-05-10,1c0hsvHLELX6y8qymnpLKL,0.361,0.795,266087,0.783,0,5,0.437,-4.271,1,0.0432,92.016,4,0.8,happy
50,Stay (Don't Go Away) [feat. Raye],David Guetta,1505107,https://open.spotify.com/track/4YhN72dRYL2Z3MsaKyT7rS,2019-05-10,4YhN72dRYL2Z3MsaKyT7rS,0.259,0.669,185943,0.797,0,9,0.199,-5.68,0,0.0624,119.865,4,0.552,happy
48,Piece Of Your Heart,MEDUZA,1463857,https://open.spotify.com/track/1DFD5Fotzgn6yYXkYsKiGs,2019-05-11,1DFD5Fotzgn6yYXkYsKiGs,0.0404,0.677,152913,0.744,0.00016,10,0.074,-6.806,0,0.0295,124.08,4,0.631,happy
50,3 Nights,Dominic Fike,1241456,https://open.spotify.com/track/1tNJrcVe6gwLEiZCtprs1u,2019-05-12,1tNJrcVe6gwLEiZCtprs1u,0.223,0.815,177667,0.518,0,7,0.104,-6.594,0,0.0897,151.891,4,0.877,happy
50,Summer Days (feat. Macklemore & Patrick Stump of Fall Out Boy),Martin Garrix,1369957,https://open.spotify.com/track/7Feaw9WAEREY0DUOSXJLOM,2019-05-13,7Feaw9WAEREY0DUOSXJLOM,0.179,0.661,163805,0.723,1.23E-05,5,0.14,-6.976,0,0.0566,113.778,4,0.316,excited
50,Suge,DaBaby,1467815,https://open.spotify.com/track/2gwkD6igEhQbDQegRCcdoB,2019-05-15,2gwkD6igEhQbDQegRCcdoB,0.0608,0.876,163320,0.662,0,2,0.127,-6.482,0,0.426,75.445,4,0.844,happy
46,lovely (with Khalid),Billie Eilish,1534343,https://open.spotify.com/track/0u2P5u6lvoDfwTYjAADbn4,2019-05-16,0u2P5u6lvoDfwTYjAADbn4,0.934,0.351,200186,0.296,0,4,0.095,-10.109,0,0.0333,115.284,4,0.12,sad
5,EARFQUAKE,"Tyler, The Creator",3609474,https://open.spotify.com/track/5hVghJ4KaYES3BFUATCYn0,2019-05-17,5hVghJ4KaYES3BFUATCYn0,0.23,0.554,190067,0.498,5.98E-06,9,0.795,-8.866,1,0.0685,79.635,4,0.413,sad
10,I THINK,"Tyler, The Creator",2978365,https://open.spotify.com/track/4f8Mh5wuWHOsfXtzjrJB3t,2019-05-17,4f8Mh5wuWHOsfXtzjrJB3t,0.00881,0.826,212013,0.579,0,8,0.129,-8.241,0,0.0801,121.075,4,0.431,excited
11,IGOR'S THEME,"Tyler, The Creator",2941072,https://open.spotify.com/track/51RN0kzWd7xeR4th5HsEtW,2019-05-17,51RN0kzWd7xeR4th5HsEtW,0.00559,0.467,200693,0.672,0.243,10,0.607,-7.371,0,0.377,163.1,4,0.0648,excited
16,Someone You Loved,Lewis Capaldi,2676838,https://open.spotify.com/track/7qEHsqek33rTcFNT9PFqLf,2019-05-17,7qEHsqek33rTcFNT9PFqLf,0.751,0.501,182161,0.405,0,1,0.105,-5.679,1,0.0319,109.891,4,0.446,sad
17,RUNNING OUT OF TIME,"Tyler, The Creator",2666984,https://open.spotify.com/track/5QvBXUm5MglLJ3iBfTX2Wo,2019-05-17,5QvBXUm5MglLJ3iBfTX2Wo,0.296,0.36,177227,0.391,0.000406,6,0.129,-10.6,1,0.0528,84.281,4,0.162,sad
19,NEW MAGIC WAND,"Tyler, The Creator",2544390,https://open.spotify.com/track/0fv2KH6hac06J86hBUTcSf,2019-05-17,0fv2KH6hac06J86hBUTcSf,0.0967,0.621,195320,0.73,0.000131,5,0.673,-5.414,0,0.107,139.566,4,0.464,excited
21,A BOY IS A GUN*,"Tyler, The Creator",2447566,https://open.spotify.com/track/1nXZnTALNXiPlvXotqHm66,2019-05-17,1nXZnTALNXiPlvXotqHm66,0.575,0.417,210253,0.689,0,2,0.496,-8.302,0,0.178,79.568,4,0.505,happy
22,WHAT'S GOOD,"Tyler, The Creator",2441468,https://open.spotify.com/track/6bOkaEXc5CopinGazSLokx,2019-05-17,6bOkaEXc5CopinGazSLokx,0.0567,0.458,205627,0.909,4.26E-06,1,0.11,-6.553,1,0.487,118.227,4,0.449,excited
25,PUPPET,"Tyler, The Creator",2251562,https://open.spotify.com/track/0wEC0GNF74lAqrEFZJMl1m,2019-05-17,0wEC0GNF74lAqrEFZJMl1m,0.00235,0.508,179013,0.557,0.0134,8,0.588,-8.967,0,0.0478,77.572,4,0.199,excited
26,Nightmare,Halsey,2222486,https://open.spotify.com/track/340UVheS8z3ncW9TTUhAbc,2019-05-17,340UVheS8z3ncW9TTUhAbc,0.0188,0.611,231999,0.622,0,9,0.359,-5.075,0,0.0734,146.11,4,0.538,happy
29,HP,Maluma,2064334,https://open.spotify.com/track/1LIqNVhaIgxXUt2eVoIQJ3,2019-05-17,1LIqNVhaIgxXUt2eVoIQJ3,0.252,0.837,184436,0.791,1.14E-06,4,0.188,-3.157,0,0.0773,91.98,4,0.618,happy
34,"GONE, GONE / THANK YOU","Tyler, The Creator",1983998,https://open.spotify.com/track/1hz7SRTGUNAtIQ46qiNv2p,2019-05-17,1hz7SRTGUNAtIQ46qiNv2p,0.216,0.518,375387,0.492,0.0012,10,0.146,-8.436,0,0.193,78.848,4,0.471,sad
46,I DON'T LOVE YOU ANYMORE,"Tyler, The Creator",1700929,https://open.spotify.com/track/5A0M6B0RBSXSNWv0wcppZ9,2019-05-17,5A0M6B0RBSXSNWv0wcppZ9,0.352,0.638,161200,0.522,0.0663,8,0.165,-9.814,1,0.0932,142.952,4,0.584,happy
47,ARE WE STILL FRIENDS?,"Tyler, The Creator",1699440,https://open.spotify.com/track/5TxRUOsGeWeRl3xOML59Ai,2019-05-17,5TxRUOsGeWeRl3xOML59Ai,0.128,0.216,265480,0.497,2.39E-06,10,0.111,-8.025,1,0.0371,187.308,3,0.313,sad
50,Wieder Lila,Samra,1684300,https://open.spotify.com/track/2kkcJ8tSDV42LdWcPjy6We,2019-05-17,2kkcJ8tSDV42LdWcPjy6We,0.435,0.656,188057,0.756,0,2,0.0934,-4.026,0,0.3,168.031,4,0.645,happy
14,Arcade,Duncan Laurence,2315473,https://open.spotify.com/track/1Xi84slp6FryDSCbzq4UCD,2019-05-19,1Xi84slp6FryDSCbzq4UCD,0.818,0.45,183624,0.329,0.00109,9,0.135,-12.603,0,0.0441,71.884,3,0.266,sad
34,Soldi,Mahmood,1553141,https://open.spotify.com/track/4szQkW1CDHqbRZGltXJdd3,2019-05-19,4szQkW1CDHqbRZGltXJdd3,0.0361,0.729,195133,0.589,0,3,0.305,-9.871,0,0.0483,95.065,4,0.349,excited
12,ME! (feat. Brendon Urie of Panic! At The Disco),Taylor Swift,2580804,https://open.spotify.com/track/4MsUsFfWseB9M2plGJyuIw,2019-05-20,4MsUsFfWseB9M2plGJyuIw,0.0291,0.614,193040,0.839,0,0,0.112,-4.143,1,0.0702,182.123,4,0.657,happy
4,The London (feat. J. Cole & Travis Scott),Young Thug,4036952,https://open.spotify.com/track/7DcvwMAiqKJQD1rrdfxSDx,2019-05-24,7DcvwMAiqKJQD1rrdfxSDx,0.0247,0.796,200107,0.586,0,4,0.132,-6.946,0,0.147,97.981,4,0.179,excited
7,Cross Me (feat. Chance the Rapper & PnB Rock),Ed Sheeran,3284601,https://open.spotify.com/track/543bCW2ruMPmxUBWirQ3MR,2019-05-24,543bCW2ruMPmxUBWirQ3MR,0.214,0.746,206187,0.787,0,4,0.0669,-6.373,1,0.12,95.005,4,0.607,happy
21,Easier,5 Seconds of Summer,2205364,https://open.spotify.com/track/4tNXntkAzQ5A2dfYRYGIIQ,2019-05-24,4tNXntkAzQ5A2dfYRYGIIQ,0.489,0.505,157493,0.428,0,5,0.0977,-5.604,1,0.221,175.813,4,0.618,peacefull
24,Tal Vez,Paulo Londra,2076864,https://open.spotify.com/track/5jW3rF4URMdK7tO2xjS5EI,2019-05-24,5jW3rF4URMdK7tO2xjS5EI,0.25,0.855,263899,0.649,0,8,0.0801,-2.443,1,0.151,161.986,4,0.741,happy
44,Not Ok,Kygo,1662548,https://open.spotify.com/track/6aoGtdWXBkYQ2O2wnyIz2x,2019-05-24,6aoGtdWXBkYQ2O2wnyIz2x,0.0292,0.618,210944,0.66,2.07E-06,11,0.325,-8.14,0,0.0372,105,4,0.408,excited
46,Isis,Joyner Lucas,1627345,https://open.spotify.com/track/36TO60sxDduIsO3xH8IcUh,2019-05-24,36TO60sxDduIsO3xH8IcUh,0.234,0.918,236000,0.837,0,1,0.227,-6.792,1,0.255,120.017,4,0.855,happy
50,Pop Out (feat. Lil Tjay),Polo G,1527146,https://open.spotify.com/track/5AjINjwKyRvQJhSe2zpPHi,2019-05-24,5AjINjwKyRvQJhSe2zpPHi,0.121,0.861,166640,0.621,0,1,0.0689,-7.106,1,0.362,83.976,4,0.254,excited
49,"A Whole New World (End Title) - From ""Aladdin""",ZAYN,1279164,https://open.spotify.com/track/1iWHabUgUuuKLBa0TzTHfk,2019-05-26,1iWHabUgUuuKLBa0TzTHfk,0.0575,0.302,242956,0.414,0,2,0.0861,-8.16,1,0.0319,110.508,4,0.105,sad
41,Rescue Me,OneRepublic,1543867,https://open.spotify.com/track/0mjAU3yKR1QnXnHtjGJqTM,2019-05-28,0mjAU3yKR1QnXnHtjGJqTM,0.156,0.759,158900,0.605,0,7,0.694,-7.737,1,0.0433,121.049,4,0.64,happy
46,"Go Loko (feat. Tyga, Jon Z)",YG,1497531,https://open.spotify.com/track/1kK6DwzyXJSp58u5HYWwuD,2019-05-28,1kK6DwzyXJSp58u5HYWwuD,0.325,0.88,299227,0.67,4.17E-06,2,0.0662,-5.177,1,0.0468,101.008,4,0.131,excited
50,11:00 p.�m.,Maluma,1422784,https://open.spotify.com/track/7KbF6AdprOXEEHlsq11Z6d,2019-05-30,7KbF6AdprOXEEHlsq11Z6d,0.217,0.777,175733,0.712,0,10,0.091,-4.84,1,0.277,95.692,4,0.68,happy
10,Never Really Over,Katy Perry,2832132,https://open.spotify.com/track/5PYQUBXc7NYeI1obMKSJK0,2019-05-31,5PYQUBXc7NYeI1obMKSJK0,0.194,0.77,223523,0.882,0,8,0.316,-4.792,1,0.0602,99.991,4,0.385,excited
13,SOS,Avicii,2719843,https://open.spotify.com/track/0n2nEtLP3OzDdi12ziIekx,2019-05-31,0n2nEtLP3OzDdi12ziIekx,0.272,0.802,157202,0.645,0,5,0.119,-6.181,0,0.0715,100.001,4,0.376,excited
14,Mother's Daughter,Miley Cyrus,2634609,https://open.spotify.com/track/2WyRfGeHo97VC5mP1BBSzr,2019-05-31,2WyRfGeHo97VC5mP1BBSzr,0.00464,0.681,219080,0.865,0.00169,1,0.149,-4.132,0,0.0594,91.017,4,0.528,happy
19,Press,Cardi B,2222591,https://open.spotify.com/track/34mnEACakE122UwsaaoMSL,2019-05-31,34mnEACakE122UwsaaoMSL,0.029,0.888,143792,0.525,5.68E-06,1,0.137,-5.665,1,0.305,133.983,4,0.243,excited
25,Find U Again (feat. Camila Cabello),Mark Ronson,2018323,https://open.spotify.com/track/1HpzOCZbNWzxvvXfSGtSrX,2019-05-31,1HpzOCZbNWzxvvXfSGtSrX,0.00548,0.605,176417,0.664,3.00E-06,8,0.204,-7.162,1,0.0316,103.997,4,0.164,excited
44,Call You Mine,The Chainsmokers,1600478,https://open.spotify.com/track/05CwHjIk71RXVU40boRMnR,2019-05-31,05CwHjIk71RXVU40boRMnR,0.225,0.591,217653,0.702,0,7,0.414,-5.59,1,0.0289,104.003,4,0.501,happy
38,Press,Cardi B,1657203,https://open.spotify.com/track/6dPyzkyZwoj9LqjQXOFdVv,2019-06-01,6dPyzkyZwoj9LqjQXOFdVv,0.029,0.888,143792,0.525,5.68E-06,1,0.137,-5.665,1,0.305,133.983,4,0.243,excited
43,Callaita,Bad Bunny,1561894,https://open.spotify.com/track/2TH65lNHgvLxCKXM3apjxI,2019-06-01,2TH65lNHgvLxCKXM3apjxI,0.6,0.61,250534,0.624,2.12E-06,2,0.243,-4.773,1,0.309,176.169,4,0.244,excited
45,Amor Genuino,Ozuna,1500460,https://open.spotify.com/track/6pK5edDoyrn4mWwRSVc2a5,2019-06-05,6pK5edDoyrn4mWwRSVc2a5,0.653,0.442,179937,0.445,0,10,0.118,-4.071,0,0.0381,85.744,4,0.423,sad
5,SOS (feat. Aloe Blacc),Avicii,3644389,https://open.spotify.com/track/2x0RZdkZcD8QRI53XT4GI5,2019-06-07,2x0RZdkZcD8QRI53XT4GI5,0.272,0.802,157202,0.645,0,5,0.119,-6.181,0,0.0715,100.001,4,0.376,excited
6,Heaven,Avicii,3339581,https://open.spotify.com/track/0vrmHPfoBadXVr2n0m1aqZ,2019-06-07,0vrmHPfoBadXVr2n0m1aqZ,0.0715,0.592,277262,0.873,0.00982,9,0.142,-5.65,1,0.0275,122.011,4,0.516,happy
8,Sucker,Jonas Brothers,3112285,https://open.spotify.com/track/22vgEDb5hykfaTwLuskFGD,2019-06-07,22vgEDb5hykfaTwLuskFGD,0.0427,0.842,181027,0.734,0,1,0.106,-5.065,0,0.0588,137.958,4,0.952,happy
21,Only Human,Jonas Brothers,2139502,https://open.spotify.com/track/0DiDStADDVh3SvAsoJAFMk,2019-06-07,0DiDStADDVh3SvAsoJAFMk,0.108,0.795,183000,0.496,0,0,0.0645,-5.883,1,0.0722,94.01,4,0.874,peacefull
23,Dream Glow (BTS World Original Soundtrack) - Pt. 1,BTS,2016564,https://open.spotify.com/track/4c1WgUnHXq2LEncGHKgj1I,2019-06-07,4c1WgUnHXq2LEncGHKgj1I,0.0967,0.735,187458,0.74,0,0,0.101,-3.837,0,0.0519,141.948,4,0.541,happy
31,Veleno 7,Gemitaiz,1855492,https://open.spotify.com/track/3fV9z98dnQLSIPIMMJXCm7,2019-06-07,3fV9z98dnQLSIPIMMJXCm7,0.156,0.806,173371,0.843,1.24E-05,6,0.363,-6.237,0,0.0601,132.991,4,0.327,excited
40,Pop Out (feat. Lil Tjay),Polo G,1709061,https://open.spotify.com/track/6uFn47ACjqYkc0jADwEdj1,2019-06-07,6uFn47ACjqYkc0jADwEdj1,0.15,0.772,166560,0.639,0,1,0.0698,-7.119,1,0.467,168.112,4,0.261,excited
45,No Guidance (feat. Drake),Chris Brown,1558992,https://open.spotify.com/track/7FEwp8BavoEVE3AnxJDchc,2019-06-08,7FEwp8BavoEVE3AnxJDchc,0.123,0.698,260640,0.454,0,1,0.155,-6.756,0,0.151,92.932,4,0.137,sad
50,No Me Conoce - Remix,Jhay Cortez,1428637,https://open.spotify.com/track/4R8BJggjosTswLxtkw8V7P,2019-06-08,4R8BJggjosTswLxtkw8V7P,0.145,0.806,309120,0.786,0,10,0.0935,-3.831,0,0.0741,91.973,4,0.58,happy
3,You Need To Calm Down,Taylor Swift,5011975,https://open.spotify.com/track/29fRTIKsJhLUJoldM89GZS,2019-06-14,29fRTIKsJhLUJoldM89GZS,0.00838,0.769,171387,0.678,0,2,0.0596,-5.604,1,0.0507,85.025,4,0.706,happy
46,Loco Contigo (with J. Balvin & Tyga),DJ Snake,1587746,https://open.spotify.com/track/1f38Gx6xQz6r4H1jGVNBJo,2019-06-14,1f38Gx6xQz6r4H1jGVNBJo,0.285,0.822,185195,0.743,2.31E-06,6,0.102,-3.04,0,0.0567,96.025,4,0.355,excited
50,Sanctuary,Joji,1532152,https://open.spotify.com/track/3xaugmCyXrVkrDTXbFkMW3,2019-06-14,3xaugmCyXrVkrDTXbFkMW3,0.422,0.552,180019,0.65,0.000275,1,0.372,-7.199,1,0.128,167.788,4,0.316,excited
7,Money In The Grave (Drake ft. Rick Ross),Drake,3123773,https://open.spotify.com/track/5ry2OE6R2zPQFDO85XkgRb,2019-06-15,5ry2OE6R2zPQFDO85XkgRb,0.101,0.831,205427,0.502,0,10,0.122,-4.045,0,0.046,100.541,4,0.101,excited
18,Omertà,Drake,2144500,https://open.spotify.com/track/3kCwyvhvVTyehIzYN2I0nF,2019-06-15,3kCwyvhvVTyehIzYN2I0nF,0.0337,0.646,219507,0.899,0,6,0.232,-2.232,1,0.298,164.119,4,0.685,happy
48,Ransom,Lil Tecca,1445199,https://open.spotify.com/track/1xbtojAZsQjOgiGdGX6ChU,2019-06-17,1xbtojAZsQjOgiGdGX6ChU,0.0204,0.745,131248,0.642,0,7,0.0658,-6.257,0,0.287,179.974,4,0.226,excited
1,Señorita,Shawn Mendes,6568376,https://open.spotify.com/track/0TK2YIli7K1leLovkQiNik,2019-06-21,0TK2YIli7K1leLovkQiNik,0.037,0.759,190960,0.54,0,9,0.0945,-6.039,0,0.0287,116.947,4,0.75,happy
7,Panini,Lil Nas X,3824604,https://open.spotify.com/track/6fTt0CH2t0mdeB2N9XFG5r,2019-06-21,6fTt0CH2t0mdeB2N9XFG5r,0.342,0.703,114893,0.594,0,5,0.123,-6.146,0,0.0752,153.848,4,0.475,excited
26,Tilidin,Capital Bra,2067813,https://open.spotify.com/track/1VEMUkGFio5uURvN8x1DZJ,2019-06-21,1VEMUkGFio5uURvN8x1DZJ,0.418,0.648,172036,0.67,0,6,0.143,-4.918,0,0.38,83.244,4,0.723,happy
28,One Thing Right,Marshmello,1899622,https://open.spotify.com/track/4hPpVbbakQNv8YTHYaOJP4,2019-06-21,4hPpVbbakQNv8YTHYaOJP4,0.0667,0.659,181824,0.623,0,4,0.582,-2.253,1,0.0451,88.042,4,0.439,excited
33,Rodeo,Lil Nas X,1832183,https://open.spotify.com/track/4ak7xjvBeBOcJGWFDX9w5n,2019-06-21,4ak7xjvBeBOcJGWFDX9w5n,0.139,0.706,158707,0.679,6.98E-05,9,0.465,-5.614,1,0.0324,140.081,4,0.657,happy
4,Old Town Road (feat. Billy Ray Cyrus) - Remix,Lil Nas X,4860946,https://open.spotify.com/track/4O4HtthxTvVL1Z1PuDb7GX,2019-06-22,4O4HtthxTvVL1Z1PuDb7GX,0.0533,0.878,157067,0.619,0,6,0.113,-5.56,1,0.102,136.041,4,0.639,happy
8,Panini,Lil Nas X,3315665,https://open.spotify.com/track/2pmhboG1a2XfDiTvMwO8sd,2019-06-22,2pmhboG1a2XfDiTvMwO8sd,0.342,0.703,114893,0.594,0,5,0.123,-6.146,0,0.0752,153.848,4,0.475,excited
14,Old Town Road,Lil Nas X,2525546,https://open.spotify.com/track/2RegUmAI4EGqpXXx95rBMB,2019-06-22,2RegUmAI4EGqpXXx95rBMB,0.0461,0.906,113013,0.52,1.80E-06,1,0.0985,-6.114,1,0.131,136,4,0.516,happy
26,Rodeo,Lil Nas X,1697836,https://open.spotify.com/track/5MWOSsgPDm3aPvAHWghxxG,2019-06-23,5MWOSsgPDm3aPvAHWghxxG,0.138,0.711,158707,0.687,7.10E-05,9,0.465,-5.606,1,0.0318,140.065,4,0.668,happy
50,It's You,Ali Gatie,1418232,https://open.spotify.com/track/6moU77g9RQyMzHNuKEaQKq,2019-06-25,6moU77g9RQyMzHNuKEaQKq,0.374,0.732,212607,0.463,0,11,0.194,-6.972,0,0.0287,95.971,4,0.397,sad
28,Ransom,Lil Tecca,1794861,https://open.spotify.com/track/1kBbgxAUc4HQv7cgIayIDH,2019-06-26,1kBbgxAUc4HQv7cgIayIDH,0.0204,0.745,131280,0.642,0,7,0.0658,-6.257,0,0.287,179.974,4,0.226,excited
3,Beautiful People (feat. Khalid),Ed Sheeran,5455913,https://open.spotify.com/track/4evmHXcjt3bTUHD1cvny97,2019-06-28,4evmHXcjt3bTUHD1cvny97,0.124,0.64,197867,0.648,0,5,0.0802,-8.113,0,0.187,92.977,4,0.548,happy
11,QUE PRETENDES,J Balvin,2891186,https://open.spotify.com/track/25ZAibhr3bdlMCLmubZDVt,2019-06-28,25ZAibhr3bdlMCLmubZDVt,0.0275,0.639,222347,0.791,0,10,0.362,-4.443,0,0.253,92.603,4,0.939,happy
23,LA CANCIÓN,J Balvin,2231378,https://open.spotify.com/track/0fea68AdmYNygeTGI4RC18,2019-06-28,0fea68AdmYNygeTGI4RC18,0.152,0.754,242573,0.646,1.85E-05,7,0.108,-5.795,1,0.317,176.089,4,0.429,excited
25,No Guidance (feat. Drake),Chris Brown,2217389,https://open.spotify.com/track/6XHVuErjQ4XNm6nDPVCxVX,2019-06-28,6XHVuErjQ4XNm6nDPVCxVX,0.123,0.698,260640,0.454,0,1,0.155,-6.756,0,0.151,92.932,4,0.137,sad
28,Higher Love,Kygo,2125893,https://open.spotify.com/track/6oJ6le65B3SEqPwMRNXWjY,2019-06-28,6oJ6le65B3SEqPwMRNXWjY,0.0154,0.693,228267,0.678,6.05E-06,8,0.101,-7.159,1,0.0324,103.952,4,0.404,excited
30,Don't Check On Me (feat. Justin Bieber & Ink),Chris Brown,2070341,https://open.spotify.com/track/7ILEWkpfdK6AjH2D7jppWk,2019-06-28,7ILEWkpfdK6AjH2D7jppWk,0.873,0.66,204880,0.395,0,7,0.112,-5.242,1,0.0333,81.997,4,0.678,peacefull
32,MOJAITA,J Balvin,2006910,https://open.spotify.com/track/71pEiUWwfDFiRO6RmFpnBf,2019-06-28,71pEiUWwfDFiRO6RmFpnBf,0.0171,0.45,187333,0.842,0,0,0.377,-3.602,1,0.102,172.069,4,0.885,happy
45,YO LE LLEGO,J Balvin,1666855,https://open.spotify.com/track/0uIfrUwwg0Z7KTitul7E3T,2019-06-28,0uIfrUwwg0Z7KTitul7E3T,0.0104,0.785,249600,0.792,0,9,0.104,-4.695,0,0.0641,155.036,4,0.528,happy
50,On A Roll,Ashley O,1427073,https://open.spotify.com/track/56JyMaElW79S7TDWh1Zw1m,2019-07-01,56JyMaElW79S7TDWh1Zw1m,0.077,0.737,154448,0.81,0,5,0.0523,-6.354,1,0.0896,125.005,4,0.387,excited
6,Goodbyes (Feat. Young Thug),Post Malone,4506758,https://open.spotify.com/track/6vBdBCoOhKHiYDDOcorfNo,2019-07-05,6vBdBCoOhKHiYDDOcorfNo,0.447,0.58,174960,0.653,0,5,0.111,-3.818,1,0.0745,150.231,4,0.175,excited
38,Best Part of Me (feat. YEBBA),Ed Sheeran,1718616,https://open.spotify.com/track/5ug4vqGZ3eisGhY1IsziNX,2019-07-05,5ug4vqGZ3eisGhY1IsziNX,0.762,0.565,243267,0.242,9.30E-06,2,0.285,-8.367,1,0.0318,81.657,4,0.237,sad
44,Lalala,Y2K,1325307,https://open.spotify.com/track/51Fjme0JiitpyXKuyQiCDo,2019-07-07,51Fjme0JiitpyXKuyQiCDo,0.181,0.843,160627,0.391,0,2,0.137,-7.899,1,0.0845,129.972,4,0.496,sad
23,Summer Days (feat. Macklemore & Patrick Stump of Fall Out Boy),Martin Garrix,1957167,https://open.spotify.com/track/40OMBMYRk5IQL6xCzGM0JA,2019-07-10,40OMBMYRk5IQL6xCzGM0JA,0.179,0.661,163805,0.723,1.23E-05,5,0.14,-6.976,0,0.0566,113.778,4,0.316,excited
2,I Don't Care (with Justin Bieber),Ed Sheeran,6238667,https://open.spotify.com/track/0hVXuCcriWRGvwMV1r5Yn9,2019-07-12,0hVXuCcriWRGvwMV1r5Yn9,0.0912,0.798,219947,0.675,0,6,0.0894,-5.041,1,0.0442,101.956,4,0.842,happy
3,Beautiful People (feat. Khalid),Ed Sheeran,6042828,https://open.spotify.com/track/70eFcWOvlMObDhURTqT4Fv,2019-07-12,70eFcWOvlMObDhURTqT4Fv,0.124,0.64,197867,0.648,0,5,0.0802,-8.113,0,0.187,92.977,4,0.548,happy
6,bad guy (with Justin Bieber),Billie Eilish,4672398,https://open.spotify.com/track/3yNZ5r3LKfdmjoS3gkhUCT,2019-07-12,3yNZ5r3LKfdmjoS3gkhUCT,0.252,0.67,194840,0.453,0.33,0,0.117,-11.265,1,0.295,135.055,4,0.68,peacefull
7,Antisocial (with Travis Scott),Ed Sheeran,4265602,https://open.spotify.com/track/1DhRbox3xkceP64k3JeYfW,2019-07-12,1DhRbox3xkceP64k3JeYfW,0.133,0.715,161747,0.823,0,5,0.361,-5.313,0,0.0495,151.956,4,0.91,happy
9,South of the Border (feat. Camila Cabello & Cardi B),Ed Sheeran,3941042,https://open.spotify.com/track/4vUmTMuQqjdnvlZmAH61Qk,2019-07-12,4vUmTMuQqjdnvlZmAH61Qk,0.148,0.857,204467,0.621,0,9,0.0865,-6.376,0,0.0824,97.986,4,0.668,happy
10,Remember The Name (feat. Eminem & 50 Cent),Ed Sheeran,3539420,https://open.spotify.com/track/0AtP8EkGPn6SwxKDaUuXec,2019-07-12,0AtP8EkGPn6SwxKDaUuXec,0.135,0.852,207760,0.666,0,11,0.798,-6.923,0,0.184,91.046,4,0.726,happy
12,Cross Me (feat. Chance the Rapper & PnB Rock),Ed Sheeran,3250274,https://open.spotify.com/track/4wuCQX7JvAZLlrcmH4AeZF,2019-07-12,4wuCQX7JvAZLlrcmH4AeZF,0.214,0.746,206187,0.787,0,4,0.0669,-6.373,1,0.12,95.005,4,0.607,happy
16,Best Part of Me (feat. YEBBA),Ed Sheeran,2718970,https://open.spotify.com/track/0VsGaRXR5WAzpu51unJTis,2019-07-12,0VsGaRXR5WAzpu51unJTis,0.762,0.565,243267,0.242,9.30E-06,2,0.285,-8.367,1,0.0318,81.657,4,0.237,sad
22,Take Me Back to London (feat. Stormzy),Ed Sheeran,2455247,https://open.spotify.com/track/1AI7UPw3fgwAFkvAlZWhE0,2019-07-12,1AI7UPw3fgwAFkvAlZWhE0,0.219,0.885,189733,0.762,0,8,0.162,-5.513,0,0.216,138.059,4,0.605,happy
26,Nothing On You (feat. Paulo Londra & Dave),Ed Sheeran,2244550,https://open.spotify.com/track/2qRN7PWiHRLprw4FpDeI9N,2019-07-12,2qRN7PWiHRLprw4FpDeI9N,0.333,0.747,200733,0.649,0,10,0.172,-6.218,0,0.219,88.011,4,0.84,happy
36,Feels (feat. Young Thug & J Hus),Ed Sheeran,1938656,https://open.spotify.com/track/1Bdptrvb7nQkq8kCw3siE9,2019-07-12,1Bdptrvb7nQkq8kCw3siE9,0.112,0.665,150787,0.68,0,2,0.096,-4.899,1,0.29,91.67,4,0.69,happy
37,BLOW (with Chris Stapleton & Bruno Mars),Ed Sheeran,1912375,https://open.spotify.com/track/7hvO2qCwJVZxiyoA7c9i5d,2019-07-12,7hvO2qCwJVZxiyoA7c9i5d,0.000245,0.631,209120,0.796,0.0115,1,0.38,-5.35,1,0.0401,92.469,4,0.596,happy
39,Put It All on Me (feat. Ella Mai),Ed Sheeran,1882708,https://open.spotify.com/track/5T03itPFOPGGkvVPvPiyla,2019-07-12,5T03itPFOPGGkvVPvPiyla,0.253,0.627,197093,0.594,0,7,0.373,-8.306,1,0.0478,101.008,4,0.389,excited
46,1000 Nights (feat. Meek Mill & A Boogie Wit da Hoodie),Ed Sheeran,1751022,https://open.spotify.com/track/4vIKzWqtn44umal5jXq4wE,2019-07-12,4vIKzWqtn44umal5jXq4wE,0.467,0.778,212307,0.59,0,8,0.0902,-5.548,1,0.27,97.995,4,0.515,happy
47,Way To Break My Heart (feat. Skrillex),Ed Sheeran,1702848,https://open.spotify.com/track/5d1rmWWF1725tnYjq6rMDB,2019-07-12,5d1rmWWF1725tnYjq6rMDB,0.11,0.726,190293,0.731,3.21E-06,1,0.0928,-6.304,0,0.159,170.125,4,0.43,excited
16,How Do You Sleep?,Sam Smith,2468568,https://open.spotify.com/track/6b2RcmUt1g9N9mQ3CbjX2Y,2019-07-19,6b2RcmUt1g9N9mQ3CbjX2Y,0.153,0.477,202205,0.682,0,1,0.0763,-4.931,0,0.0925,110.567,5,0.345,excited
46,MOOD 4 EVA (feat. Oumou Sangaré),Beyoncé,1513805,https://open.spotify.com/track/7oqftogUN82Q7VNy2TmTJW,2019-07-19,7oqftogUN82Q7VNy2TmTJW,0.119,0.608,272069,0.709,0,7,0.337,-6.175,1,0.374,105.742,4,0.709,happy
22,China,Anuel AA,2071799,https://open.spotify.com/track/2ksOAxtIxY8yElEWw8RhgK,2019-07-20,2ksOAxtIxY8yElEWw8RhgK,0.0846,0.786,301714,0.808,0.000289,7,0.0822,-3.702,1,0.0882,105.027,4,0.609,happy
9,The Archer,Taylor Swift,2929533,https://open.spotify.com/track/3Y7MHz19qCg1Pkxridtu1k,2019-07-24,3Y7MHz19qCg1Pkxridtu1k,0.12,0.292,211280,0.574,0.00569,0,0.0663,-9.375,1,0.0401,124.344,4,0.166,excited
10,Loco Contigo,DJ Snake,2797062,https://open.spotify.com/track/1fBXSMOusjaj7GjzErHmUI,2019-07-25,1fBXSMOusjaj7GjzErHmUI,0.276,0.823,185195,0.71,2.17E-06,6,0.152,-3.896,0,0.0688,96.024,4,0.376,excited
1,Señorita,Shawn Mendes,8521672,https://open.spotify.com/track/6v3KW9xbzN5yKLt9YKDYA2,2019-07-26,6v3KW9xbzN5yKLt9YKDYA2,0.0392,0.759,190800,0.548,0,9,0.0828,-6.049,0,0.029,116.967,4,0.749,happy
6,Old Town Road - Remix,Lil Nas X,3523727,https://open.spotify.com/track/2YpeDb67231RjR0MgVLzsG,2019-07-26,2YpeDb67231RjR0MgVLzsG,0.0533,0.878,157067,0.619,0,6,0.113,-5.56,1,0.102,136.041,4,0.639,happy
10,Otro Trago - Remix,Sech,3114393,https://open.spotify.com/track/4bTZeO72FwMa6wKOiqoynL,2019-07-26,4bTZeO72FwMa6wKOiqoynL,0.0711,0.725,287773,0.79,1.14E-06,0,0.0602,-2.331,1,0.197,175.988,4,0.763,happy
11,Loco Contigo (feat. J. Balvin & Tyga),DJ Snake,2961395,https://open.spotify.com/track/6osaMSJh9NguagEDQcZaKx,2019-07-26,6osaMSJh9NguagEDQcZaKx,0.278,0.694,185195,0.758,1.34E-06,11,0.102,-2.986,1,0.218,192.091,4,0.371,excited
14,Old Town Road (feat. RM of BTS) - Seoul Town Road Remix,Lil Nas X,2521887,https://open.spotify.com/track/6woeVu3fVMflqen1t4N6pg,2019-07-26,6woeVu3fVMflqen1t4N6pg,0.0706,0.89,114133,0.513,0,1,0.102,-5.996,1,0.154,136.02,4,0.61,happy
30,Takeaway,The Chainsmokers,1995566,https://open.spotify.com/track/6wo37KVqFJhtuxPTpLCcfe,2019-07-26,6wo37KVqFJhtuxPTpLCcfe,0.12,0.294,209893,0.505,0,3,0.0977,-8.106,1,0.042,85.332,1,0.357,excited
31,If I Can't Have You,Shawn Mendes,1979139,https://open.spotify.com/track/2bT1PH7Cw3J9p3t7nlXCdh,2019-07-26,2bT1PH7Cw3J9p3t7nlXCdh,0.487,0.691,191467,0.823,0,2,0.134,-4.197,1,0.0623,123.935,4,0.87,happy
32,Gold Roses (feat. Drake),Rick Ross,1920759,https://open.spotify.com/track/4aPB8rSxGFISs0o6V2LrTy,2019-07-26,4aPB8rSxGFISs0o6V2LrTy,0.0519,0.581,345160,0.642,0,1,0.183,-5.318,1,0.407,80.142,4,0.536,happy
45,Hot Shower,Chance the Rapper,1486284,https://open.spotify.com/track/00ko9WaS4jOX1kEk3gvHjf,2019-07-27,00ko9WaS4jOX1kEk3gvHjf,0.0016,0.897,225924,0.522,0,2,0.0554,-7.578,1,0.374,149.986,4,0.623,happy
50,Dance Monkey,Tones and I,1373788,https://open.spotify.com/track/1rgnBhdG2JDFTbYkYRZAku,2019-07-31,1rgnBhdG2JDFTbYkYRZAku,0.688,0.825,209755,0.593,0.000161,6,0.17,-6.401,0,0.0988,98.078,4,0.54,happy
3,boyfriend (with Social House),Ariana Grande,4907855,https://open.spotify.com/track/0Ryd8975WihbObpp5cPW1t,2019-08-02,0Ryd8975WihbObpp5cPW1t,0.119,0.4,186107,0.795,0,10,0.159,-3.731,0,0.461,190.097,4,0.702,happy
31,"fuck, i'm lonely (with Anne-Marie) - from “13 Reasons Why: Season 3”",Lauv,1809799,https://open.spotify.com/track/322tcqPhma7F6hfCeLisx0,2019-08-02,322tcqPhma7F6hfCeLisx0,0.482,0.806,198973,0.558,0,9,0.0618,-6.46,1,0.0683,95.016,4,0.678,happy
47,Dreams Money Can Buy,Drake,1510648,https://open.spotify.com/track/1qyFlfPREPbRcS2BNszdYI,2019-08-02,1qyFlfPREPbRcS2BNszdYI,0.765,0.423,253803,0.587,0,6,0.114,-6.635,1,0.529,180.331,4,0.33,excited
27,Small Talk,Katy Perry,1986107,https://open.spotify.com/track/4NmE2ytXI8S2svTRSmEdpO,2019-08-09,4NmE2ytXI8S2svTRSmEdpO,0.203,0.846,161963,0.631,0,5,0.455,-5.547,1,0.1,115.999,4,0.602,happy
28,Hot Girl Summer (feat. Nicki Minaj & Ty Dolla $ign),Megan Thee Stallion,1947607,https://open.spotify.com/track/5N1o6d8zGcSZSeMFkOUQOk,2019-08-09,5N1o6d8zGcSZSeMFkOUQOk,0.00485,0.872,199427,0.814,1.96E-06,0,0.214,-4.568,1,0.155,98.985,4,0.57,happy
48,I.F.L.Y.,Bazzi,1394588,https://open.spotify.com/track/4a6q8CR2hzLk2plDkSxkfD,2019-08-09,4a6q8CR2hzLk2plDkSxkfD,0.379,0.812,165714,0.519,0,2,0.13,-4.823,1,0.0385,104.954,4,0.554,happy
50,Old Town Road,Lil Nas X,1131461,https://open.spotify.com/track/0F7FA14euOIX8KcbEturGH,2019-08-11,0F7FA14euOIX8KcbEturGH,0.0578,0.907,113000,0.53,2.23E-06,1,0.101,-6.112,1,0.127,135.998,4,0.507,happy
50,Tutu,Camilo,1224343,https://open.spotify.com/track/1nocRtwyNPVtGcIJqfgdzZ,2019-08-12,1nocRtwyNPVtGcIJqfgdzZ,0.273,0.731,178613,0.832,0,9,0.0665,-2.592,1,0.0503,146.013,4,0.94,happy
4,Lover,Taylor Swift,3635889,https://open.spotify.com/track/0bzbvANY6oETSJLc0wlVGY,2019-08-16,0bzbvANY6oETSJLc0wlVGY,0.492,0.359,221307,0.543,1.58E-05,7,0.118,-7.582,1,0.0919,68.534,4,0.453,excited
25,Soltera (Remix),Lunay,2085682,https://open.spotify.com/track/2qMnZF5Ja2WvmfbblByQza,2019-08-16,2qMnZF5Ja2WvmfbblByQza,0.327,0.795,266192,0.755,0,5,0.464,-4.788,1,0.0454,92.02,4,0.816,happy
26,"Yo x Ti, Tu x Mi",ROSALÍA,2024609,https://open.spotify.com/track/7BlBVFwvbWvcwNcUarQmjk,2019-08-16,7BlBVFwvbWvcwNcUarQmjk,0.462,0.78,201040,0.759,0.000868,1,0.143,-3.292,1,0.225,91.952,4,0.579,happy
27,The London (feat. J. Cole & Travis Scott),Young Thug,1917185,https://open.spotify.com/track/3s4mrPrEFFPF0LmAfutW0n,2019-08-16,3s4mrPrEFFPF0LmAfutW0n,0.0249,0.784,200187,0.517,1.44E-06,4,0.155,-8.981,0,0.209,97.991,4,0.206,excited
29,Slide Away,Miley Cyrus,1860476,https://open.spotify.com/track/44ADyYoY5liaRa3EOAl4uf,2019-08-16,44ADyYoY5liaRa3EOAl4uf,0.17,0.53,233654,0.538,2.83E-06,5,0.248,-6.672,1,0.0335,148.051,4,0.288,excited
40,Bad Bad Bad (feat. Lil Baby),Young Thug,1572549,https://open.spotify.com/track/1GeNui6m825V8jP4uKiIaH,2019-08-16,1GeNui6m825V8jP4uKiIaH,0.0976,0.974,149040,0.596,0,6,0.151,-8.888,1,0.184,111.959,4,0.892,happy
45,Won't Be Late (feat. Drake),Swae Lee,1477779,https://open.spotify.com/track/2sqsNXfN0HtgDEgaHXiUTa,2019-08-16,2sqsNXfN0HtgDEgaHXiUTa,0.0824,0.915,218710,0.588,0.000169,7,0.104,-6.302,0,0.0677,123.936,4,0.329,excited
50,Motivation,Normani,1286069,https://open.spotify.com/track/0rIAC4PXANcKmitJfoqmVm,2019-08-17,0rIAC4PXANcKmitJfoqmVm,0.0192,0.599,193837,0.887,1.21E-06,4,0.3,-3.967,1,0.0984,170.918,4,0.881,happy
2,Lover,Taylor Swift,5550879,https://open.spotify.com/track/1dGr1c8CrMLDpV6mPbImSI,2019-08-23,1dGr1c8CrMLDpV6mPbImSI,0.492,0.359,221307,0.543,1.58E-05,7,0.118,-7.582,1,0.0919,68.534,4,0.453,excited
4,The Man,Taylor Swift,4612079,https://open.spotify.com/track/3RauEVgRgj1IuWdJ9fDs70,2019-08-23,3RauEVgRgj1IuWdJ9fDs70,0.0767,0.777,190360,0.658,0,0,0.0901,-5.191,1,0.054,110.048,4,0.633,happy
5,Cruel Summer,Taylor Swift,4103386,https://open.spotify.com/track/1BxfuPKGuaTgP7aM0Bbdwr,2019-08-23,1BxfuPKGuaTgP7aM0Bbdwr,0.117,0.552,178427,0.702,2.06E-05,9,0.105,-5.707,1,0.157,169.994,4,0.564,happy
6,I Forgot That You Existed,Taylor Swift,4088065,https://open.spotify.com/track/43rA71bccXFGD4C8GOpIlN,2019-08-23,43rA71bccXFGD4C8GOpIlN,0.298,0.664,170640,0.316,2.03E-06,5,0.0812,-10.345,1,0.519,92.875,4,0.541,peacefull
12,You Need To Calm Down,Taylor Swift,3277250,https://open.spotify.com/track/6RRNNciQGZEXnqk8SQ9yv5,2019-08-23,6RRNNciQGZEXnqk8SQ9yv5,0.00929,0.771,171360,0.671,0,2,0.0637,-5.617,1,0.0553,85.026,4,0.714,happy
13,I Think He Knows,Taylor Swift,3074896,https://open.spotify.com/track/2YWtcWi3a83pdEg3Gif4Pd,2019-08-23,2YWtcWi3a83pdEg3Gif4Pd,0.00889,0.897,173387,0.366,0.000353,0,0.0715,-8.029,1,0.0569,100.003,4,0.416,sad
15,Miss Americana & The Heartbreak Prince,Taylor Swift,3047195,https://open.spotify.com/track/214nt20w5wOxJnY462klLw,2019-08-23,214nt20w5wOxJnY462klLw,0.028,0.662,234147,0.747,0.00615,11,0.138,-6.926,0,0.0736,150.088,4,0.487,excited
16,Paper Rings,Taylor Swift,3035132,https://open.spotify.com/track/4y5bvROuBDPr5fuwXbIBZR,2019-08-23,4y5bvROuBDPr5fuwXbIBZR,0.0129,0.811,222400,0.719,1.36E-05,9,0.0742,-6.553,1,0.0497,103.979,4,0.865,happy
23,Cornelia Street,Taylor Swift,2751051,https://open.spotify.com/track/12M5uqx0ZuwkpLp5rJim1a,2019-08-23,12M5uqx0ZuwkpLp5rJim1a,0.781,0.824,287267,0.624,0.000189,0,0.1,-9.728,1,0.0827,102.012,4,0.248,excited
24,The Archer,Taylor Swift,2709984,https://open.spotify.com/track/3pHkh7d0lzM2AldUtz2x37,2019-08-23,3pHkh7d0lzM2AldUtz2x37,0.12,0.292,211240,0.574,0.00569,0,0.0663,-9.375,1,0.0401,124.344,4,0.166,excited
25,London Boy,Taylor Swift,2708555,https://open.spotify.com/track/1LLXZFeAHK9R4xUramtUKw,2019-08-23,1LLXZFeAHK9R4xUramtUKw,0.0246,0.695,190240,0.71,0.000104,1,0.133,-6.639,1,0.05,157.925,4,0.557,happy
26,Death By A Thousand Cuts,Taylor Swift,2466498,https://open.spotify.com/track/2dgFqt3w9xIQRjhPtwNk3D,2019-08-23,2dgFqt3w9xIQRjhPtwNk3D,0.454,0.712,198533,0.732,0,4,0.319,-6.754,1,0.0629,94.071,4,0.313,excited
29,ME! (feat. Brendon Urie of Panic! At The Disco),Taylor Swift,2407396,https://open.spotify.com/track/2Rk4JlNc2TPmZe2af99d45,2019-08-23,2Rk4JlNc2TPmZe2af99d45,0.033,0.61,193000,0.83,0,0,0.118,-4.105,1,0.0571,182.162,4,0.728,happy
31,Soon You’ll Get Better (feat. Dixie Chicks),Taylor Swift,2307187,https://open.spotify.com/track/4AYtqFyFbX0Xkc2wtcygTr,2019-08-23,4AYtqFyFbX0Xkc2wtcygTr,0.907,0.433,201587,0.182,0,0,0.123,-12.566,1,0.0641,207.476,4,0.421,sad
34,False God,Taylor Swift,2210386,https://open.spotify.com/track/5hQSXkFgbxjZo9uCwd11so,2019-08-23,5hQSXkFgbxjZo9uCwd11so,0.736,0.739,200307,0.32,0.000147,11,0.111,-10.862,0,0.239,79.97,4,0.351,sad
38,Afterglow,Taylor Swift,2110831,https://open.spotify.com/track/1SymEzIT3H8UZfibCs3TYi,2019-08-23,1SymEzIT3H8UZfibCs3TYi,0.13,0.756,223293,0.449,0,9,0.114,-8.746,1,0.0344,111.011,4,0.399,sad
42,Daylight,Taylor Swift,1834253,https://open.spotify.com/track/1fzAuUVbzlhZ1lJAx9PtY6,2019-08-23,1fzAuUVbzlhZ1lJAx9PtY6,0.808,0.557,293453,0.496,0.000173,0,0.0772,-9.602,1,0.0563,149.983,4,0.265,sad
44,It’s Nice To Have A Friend,Taylor Swift,1801520,https://open.spotify.com/track/1SmiQ65iSAbPto6gPFlBYm,2019-08-23,1SmiQ65iSAbPto6gPFlBYm,0.971,0.737,150440,0.175,0.000337,10,0.171,-9.912,1,0.0401,70.008,4,0.545,peacefull
46,Adicto (with Anuel AA & Ozuna),Tainy,1432089,https://open.spotify.com/track/3jbT1Y5MoPwEIpZndDDwVq,2019-08-29,3jbT1Y5MoPwEIpZndDDwVq,0.017,0.734,270741,0.836,1.64E-05,10,0.179,-4.803,0,0.0735,80.002,4,0.623,happy
47,Teeth,5 Seconds of Summer,1430014,https://open.spotify.com/track/26wLOs3ZuHJa2Ihhx6QIE6,2019-08-29,26wLOs3ZuHJa2Ihhx6QIE6,0.0516,0.749,204887,0.461,6.24E-06,10,0.0738,-2.961,0,0.0416,139.02,4,0.42,sad
50,Good As Hell,Lizzo,1381094,https://open.spotify.com/track/3Yh9lZcWyKrK9GjbhuS0hR,2019-08-29,3Yh9lZcWyKrK9GjbhuS0hR,0.256,0.682,159736,0.919,0,0,0.442,-3.18,0,0.0875,95.982,4,0.535,happy
2,Circles,Post Malone,4777797,https://open.spotify.com/track/4VginDwYTP2eaHJzO0QMjG,2019-08-30,4VginDwYTP2eaHJzO0QMjG,0.233,0.704,214907,0.758,0.00144,0,0.0924,-3.537,1,0.0402,120.003,4,0.534,happy
4,Ransom,Lil Tecca,3894685,https://open.spotify.com/track/6EOKwHETwSkZ9gW2b6ASE0,2019-08-30,6EOKwHETwSkZ9gW2b6ASE0,0.0204,0.745,131240,0.642,0,7,0.0658,-6.257,0,0.287,179.974,4,0.226,excited
26,Norman fucking Rockwell,Lana Del Rey,2122231,https://open.spotify.com/track/3RIgHHpnFKj5Rni1shokDj,2019-08-30,3RIgHHpnFKj5Rni1shokDj,0.967,0.218,248934,0.215,0.0847,5,0.0948,-12.49,1,0.0368,76.74,1,0.138,sad
35,Babushka Boi,A$AP Rocky,1755635,https://open.spotify.com/track/643PW82aBMUa1FiWi5VQY7,2019-08-30,643PW82aBMUa1FiWi5VQY7,0.304,0.897,187105,0.743,4.44E-05,10,0.137,-5.446,0,0.222,134.979,4,0.905,happy
1,Circles,Post Malone,7292777,https://open.spotify.com/track/0Yde1VrWbGF2Tus2AQhMuT,2019-09-06,0Yde1VrWbGF2Tus2AQhMuT,0.222,0.703,215280,0.756,0.00281,0,0.0829,-3.407,1,0.0376,119.999,4,0.536,happy
3,Saint-Tropez,Post Malone,6207837,https://open.spotify.com/track/7C39RtGhnEw7cyf0Pyw7PV,2019-09-06,7C39RtGhnEw7cyf0Pyw7PV,0.0545,0.617,150867,0.684,0,0,0.104,-3.618,1,0.0439,132.113,4,0.295,excited
4,Hollywood's Bleeding,Post Malone,5585004,https://open.spotify.com/track/01iuzK2ziYAVE2n9aSXbWp,2019-09-06,01iuzK2ziYAVE2n9aSXbWp,0.331,0.404,156253,0.645,0,4,0.104,-3.221,0,0.0479,130.215,4,0.158,excited
6,Enemies (feat. DaBaby),Post Malone,5397210,https://open.spotify.com/track/6UFEJuDXQMWhL5UH5f9fUR,2019-09-06,6UFEJuDXQMWhL5UH5f9fUR,0.0588,0.542,196760,0.674,0,6,0.0955,-4.169,1,0.21,76.388,4,0.667,happy
7,Take What You Want (feat. Ozzy Osbourne & Travis Scott),Post Malone,4843981,https://open.spotify.com/track/44pxxRrhiDGuHYP5HjadGF,2019-09-06,44pxxRrhiDGuHYP5HjadGF,0.102,0.495,229587,0.811,0,1,0.132,-2.649,0,0.0571,139.925,4,0.241,excited
8,Die For Me (feat. Future & Halsey),Post Malone,4364654,https://open.spotify.com/track/59PYPDxTbqJpiGfyogPb5h,2019-09-06,59PYPDxTbqJpiGfyogPb5h,0.19,0.614,245267,0.66,0,0,0.211,-2.848,1,0.0441,145.01,4,0.452,excited
9,Sunflower - Spider-Man: Into the Spider-Verse,Post Malone,4135127,https://open.spotify.com/track/4VqTRBvYg0z8C4nsl4Hupy,2019-09-06,4VqTRBvYg0z8C4nsl4Hupy,0.533,0.755,157560,0.522,0,2,0.0685,-4.368,1,0.0575,89.96,4,0.925,happy
10,On The Road (feat. Meek Mill & Lil Baby),Post Malone,4023514,https://open.spotify.com/track/0hGH0S74Eoyv6mXZcOKtdQ,2019-09-06,0hGH0S74Eoyv6mXZcOKtdQ,0.0589,0.442,218320,0.737,0,7,0.102,-5.046,1,0.109,112.93,5,0.21,excited
11,A Thousand Bad Times,Post Malone,3969818,https://open.spotify.com/track/3hFG4jR5stnIQJDI64KlJY,2019-09-06,3hFG4jR5stnIQJDI64KlJY,0.105,0.632,221173,0.732,1.15E-05,6,0.111,-3.498,1,0.092,159,4,0.317,excited
13,Allergic,Post Malone,3929702,https://open.spotify.com/track/4LIbjDbLweGCrHVw8QbMSb,2019-09-06,4LIbjDbLweGCrHVw8QbMSb,0.154,0.665,156893,0.741,3.02E-05,0,0.345,-3.694,1,0.0787,144.968,4,0.57,happy
16,Staring At The Sun (feat. SZA),Post Malone,3381981,https://open.spotify.com/track/2leIuE4fdcJoNMSKu5Yr7a,2019-09-06,2leIuE4fdcJoNMSKu5Yr7a,0.248,0.724,168280,0.772,0,6,0.308,-4.389,0,0.184,95.074,4,0.347,excited
18,I'm Gonna Be,Post Malone,3325675,https://open.spotify.com/track/4hDoWaIklSVAKLocU3IDBr,2019-09-06,4hDoWaIklSVAKLocU3IDBr,0.703,0.746,200680,0.559,0,5,0.148,-4.008,1,0.0316,117.943,4,0.368,excited
23,Wow.,Post Malone,2878111,https://open.spotify.com/track/2ve5NyzWHUbIYxL33goCX7,2019-09-06,2ve5NyzWHUbIYxL33goCX7,0.136,0.829,149547,0.539,1.78E-06,11,0.103,-7.359,0,0.208,99.96,4,0.388,excited
26,Internet,Post Malone,2651039,https://open.spotify.com/track/4RzpCjByV1NWUGKVQGuej6,2019-09-06,4RzpCjByV1NWUGKVQGuej6,0.841,0.469,123387,0.489,0,0,0.103,-6.071,1,0.0314,74.013,4,0.201,sad
27,Myself,Post Malone,2579933,https://open.spotify.com/track/4YgtN1HasxdDlrrZIggYxn,2019-09-06,4YgtN1HasxdDlrrZIggYxn,0.102,0.476,158120,0.701,0,0,0.242,-4.234,1,0.0349,163.882,4,0.405,excited
28,Liar,Camila Cabello,2534465,https://open.spotify.com/track/7LzouaWGFCy4tkXDOOnEyM,2019-09-06,7LzouaWGFCy4tkXDOOnEyM,0.0169,0.74,207039,0.498,0.00282,11,0.319,-6.684,0,0.0456,98.016,4,0.652,peacefull
31,I Know,Post Malone,2464079,https://open.spotify.com/track/2sfZgYusD8bBvB7qWekvSx,2019-09-06,2sfZgYusD8bBvB7qWekvSx,0.497,0.666,141413,0.603,0,1,0.112,-5.671,1,0.0763,102.94,4,0.262,excited
47,Shameless,Camila Cabello,1737441,https://open.spotify.com/track/3UYiU57SMiAS5LqolhHJw1,2019-09-06,3UYiU57SMiAS5LqolhHJw1,0.0197,0.377,219742,0.651,5.31E-05,4,0.174,-5.437,0,0.0588,129.698,4,0.0851,excited
2,Circles,Post Malone,6047940,https://open.spotify.com/track/51MMC5DogGZAnHil5HQAXg,2019-09-07,51MMC5DogGZAnHil5HQAXg,0.192,0.695,215280,0.762,0.00244,0,0.0863,-3.497,1,0.0395,120.042,4,0.553,happy
5,Hollywood's Bleeding,Post Malone,4053228,https://open.spotify.com/track/77Y7tccX9Hx5iClDr39uy9,2019-09-07,77Y7tccX9Hx5iClDr39uy9,0.331,0.405,156267,0.646,0,4,0.103,-3.206,0,0.0476,130.218,4,0.17,excited
6,Take What You Want (feat. Ozzy Osbourne & Travis Scott),Post Malone,3946730,https://open.spotify.com/track/4Yq3XUNfWrAPWuB94qkC09,2019-09-07,4Yq3XUNfWrAPWuB94qkC09,0.0906,0.499,229573,0.8,0,1,0.147,-2.665,0,0.0502,139.919,4,0.272,excited
2,Don’t Call Me Angel (Charlie’s Angels) (with Miley Cyrus & Lana Del Rey),Ariana Grande,5878568,https://open.spotify.com/track/3NkJNL3WqO1Lqc3uNDxvCN,2019-09-13,3NkJNL3WqO1Lqc3uNDxvCN,0.00268,0.643,190107,0.721,6.51E-06,1,0.0898,-5.248,1,0.0449,102.914,4,0.317,excited
24,Panini,Lil Nas X,2397227,https://open.spotify.com/track/1000nHvUdawXuUHgBod4Wv,2019-09-13,1000nHvUdawXuUHgBod4Wv,0.342,0.703,114893,0.594,0,5,0.123,-6.146,0,0.0752,153.848,4,0.475,excited
27,Graveyard,Halsey,2312853,https://open.spotify.com/track/6V9fHiv84WlVTg7CSnIVY2,2019-09-13,6V9fHiv84WlVTg7CSnIVY2,0.231,0.667,181806,0.583,4.48E-05,11,0.181,-5.127,0,0.0747,92.043,4,0.187,excited
2,Circles,Post Malone,4668304,https://open.spotify.com/track/21jGcNKet2qwijlDFuPiPb,2019-09-16,21jGcNKet2qwijlDFuPiPb,0.192,0.695,215280,0.762,0.00244,0,0.0863,-3.497,1,0.0395,120.042,4,0.553,happy
8,Saint-Tropez,Post Malone,3230223,https://open.spotify.com/track/05mDaV9Vb3wrzjF6OPZnhq,2019-09-16,05mDaV9Vb3wrzjF6OPZnhq,0.0545,0.617,150867,0.684,0,0,0.104,-3.618,1,0.0439,132.113,4,0.295,excited
14,Sunflower - Spider-Man: Into the Spider-Verse,Post Malone,2676605,https://open.spotify.com/track/0RiRZpuVRbi7oqRdSMwhQY,2019-09-16,0RiRZpuVRbi7oqRdSMwhQY,0.533,0.755,157560,0.522,0,2,0.0685,-4.368,1,0.0575,89.96,4,0.925,happy
15,Take What You Want (feat. Ozzy Osbourne & Travis Scott),Post Malone,2662244,https://open.spotify.com/track/7CZyCXKG6d5ALeq41sLzbw,2019-09-16,7CZyCXKG6d5ALeq41sLzbw,0.0906,0.499,229573,0.8,0,1,0.147,-2.665,0,0.0502,139.919,4,0.272,excited
17,Hollywood's Bleeding,Post Malone,2597723,https://open.spotify.com/track/7sWRlDoTDX8geTR8zzr2vt,2019-09-16,7sWRlDoTDX8geTR8zzr2vt,0.331,0.405,156267,0.646,0,4,0.103,-3.206,0,0.0476,130.218,4,0.17,excited
18,Enemies (feat. DaBaby),Post Malone,2453418,https://open.spotify.com/track/0Xek5rqai2jcOWCYWJfVCF,2019-09-16,0Xek5rqai2jcOWCYWJfVCF,0.0588,0.542,196760,0.674,0,6,0.0955,-4.169,1,0.21,76.388,4,0.667,happy
27,Die For Me (feat. Future & Halsey),Post Malone,2015336,https://open.spotify.com/track/2C6WXnmZ66tHhHlnvwePiK,2019-09-16,2C6WXnmZ66tHhHlnvwePiK,0.19,0.614,245267,0.66,0,0,0.211,-2.848,1,0.0441,145.01,4,0.452,excited
34,On The Road (feat. Meek Mill & Lil Baby),Post Malone,1756105,https://open.spotify.com/track/12Fkyg9lpmaz2zmKOfw2Y2,2019-09-16,12Fkyg9lpmaz2zmKOfw2Y2,0.0589,0.442,218320,0.737,0,7,0.102,-5.046,1,0.109,112.93,5,0.21,excited
43,A Thousand Bad Times,Post Malone,1556345,https://open.spotify.com/track/2J0NXdHr6MYvKDSxB7k3V2,2019-09-16,2J0NXdHr6MYvKDSxB7k3V2,0.105,0.632,221173,0.732,1.15E-05,6,0.111,-3.498,1,0.092,159,4,0.317,excited
45,Wow.,Post Malone,1508476,https://open.spotify.com/track/7xQAfvXzm3AkraOtGPWIZg,2019-09-16,7xQAfvXzm3AkraOtGPWIZg,0.136,0.829,149547,0.539,1.78E-06,11,0.103,-7.359,0,0.208,99.96,4,0.388,excited
50,hot girl bummer,blackbear,1391405,https://open.spotify.com/track/7aiClxsDWFRQ0Kzk5KI5ku,2019-09-16,7aiClxsDWFRQ0Kzk5KI5ku,0.128,0.778,185093,0.559,0,6,0.399,-7.109,0,0.0776,129.989,1,0.678,happy
32,Memories,Maroon 5,1930128,https://open.spotify.com/track/2b8fOow8UzyDFAE27YhOZM,2019-09-20,2b8fOow8UzyDFAE27YhOZM,0.837,0.764,189486,0.32,0,11,0.0822,-7.209,1,0.0546,91.019,4,0.575,peacefull
48,110,Capital Bra,1523448,https://open.spotify.com/track/5sdQ7VUx6GOfsRoSxnK1YG,2019-09-20,5sdQ7VUx6GOfsRoSxnK1YG,0.533,0.48,194534,0.749,0,1,0.0997,-5.057,0,0.432,179.056,4,0.419,excited
49,223's (feat. 9lokknine),YNW Melly,1279257,https://open.spotify.com/track/4sjiIpEv617LDXaidKioOI,2019-09-23,4sjiIpEv617LDXaidKioOI,0.0389,0.931,176640,0.502,0,0,0.0912,-9.311,0,0.353,94.999,4,0.712,happy