Position,Track Name,Artist,Streams,URL,Date,Track Id,acousticness,danceability,duration_ms,energy,instrumentalness,key,liveness,loudness,mode,speechiness,tempo,time_signature,valence
1,Calma - Remix,Pedro Capó,737894,https://open.spotify.com/track/5iwz1NiezX7WWjnCgY5TH4,2019-01-01,5iwz1NiezX7WWjnCgY5TH4,0.323,0.826,238200,0.773,0.0,11,0.143,-4.218,0,0.0524,126.899,4,0.761
2,Adan y Eva,Paulo Londra,415066,https://open.spotify.com/track/6FyRXC8tJUh863JCkyWqtk,2019-01-01,6FyRXC8tJUh863JCkyWqtk,0.323,0.767,258639,0.709,0.0,1,0.0676,-4.47,1,0.336,171.993,4,0.72
3,"Taki Taki (with Selena Gomez, Ozuna & Cardi B)",DJ Snake,409061,https://open.spotify.com/track/4w8niZpiMy6qz1mntFA5uM,2019-01-01,4w8niZpiMy6qz1mntFA5uM,0.153,0.841,212500,0.798,3.33e-06,1,0.0618,-4.206,0,0.229,95.948,4,0.591
4,MIA (feat. Drake),Bad Bunny,377855,https://open.spotify.com/track/116H0KvKr2Zl4RPuVBruDO,2019-01-01,116H0KvKr2Zl4RPuVBruDO,0.0141,0.817,210368,0.539,0.000496,6,0.099,-6.349,0,0.0621,97.062,4,0.158
5,A Través Del Vaso,Grupo Arranke,346975,https://open.spotify.com/track/0oCSitNlzsQfuIapF9tXRQ,2019-01-01,0oCSitNlzsQfuIapF9tXRQ,0.358,0.612,188662,0.694,1.31e-05,5,0.347,-2.979,1,0.0297,143.851,3,0.92
6,Ella Quiere Beber - Remix,Anuel AA,325495,https://open.spotify.com/track/2cYnZNzFRFK0H7vSNxPsUq,2019-01-01,2cYnZNzFRFK0H7vSNxPsUq,0.265,0.751,219357,0.665,0.0,8,0.0515,-3.083,1,0.124,95.239,4,0.698
7,Baby Girl (feat. Lalo Ebratt),Mario Bautista,317654,https://open.spotify.com/track/6o8ogTrSX8H0F66Pdz3Tsc,2019-01-01,6o8ogTrSX8H0F66Pdz3Tsc,0.0275,0.804,218470,0.705,0.000138,1,0.202,-5.272,1,0.199,103.009,4,0.45
8,No Te Contaron Mal,Christian Nodal,306857,https://open.spotify.com/track/1LO951RWD10l9Vys0NrFty,2019-01-01,1LO951RWD10l9Vys0NrFty,0.388,0.617,156947,0.57,0.0,9,0.143,-3.074,0,0.0374,163.2,4,0.632
9,Nunca Es Suficiente,Los Angeles Azules,300365,https://open.spotify.com/track/63USmok1OioBzKuWGW9wAg,2019-01-01,63USmok1OioBzKuWGW9wAg,0.398,0.789,266213,0.518,0.0,2,0.0891,-5.417,0,0.0406,94.001,4,0.78
10,Amigos Con Derechos,Reik,285842,https://open.spotify.com/track/2zDj4WjbNDmrRL6Z4YjjCA,2019-01-01,2zDj4WjbNDmrRL6Z4YjjCA,0.0481,0.686,227476,0.807,0.0,1,0.0652,-3.324,1,0.0613,183.971,4,0.63
11,Desconocidos,Mau y Ricky,271904,https://open.spotify.com/track/0s5DNDV6LAKn2u2Ufa3VjQ,2019-01-01,0s5DNDV6LAKn2u2Ufa3VjQ,0.146,0.709,204453,0.771,3.29e-06,7,0.249,-4.598,1,0.166,174.006,4,0.709
12,Vaina Loca,Ozuna,261369,https://open.spotify.com/track/48zFZh27QU5qsrBjn4C2FA,2019-01-01,48zFZh27QU5qsrBjn4C2FA,0.315,0.754,176133,0.805,0.0,6,0.203,-4.249,1,0.0752,93.983,4,0.555
13,Ahora Te Puedes Marchar,Luis Miguel,246682,https://open.spotify.com/track/1uKjQoh8JZj9ryuYRhpd7E,2019-01-01,1uKjQoh8JZj9ryuYRhpd7E,0.148,0.78,191973,0.877,2.36e-06,6,0.0627,-3.683,0,0.0427,133.263,4,0.909
14,Ya No Tiene Novio,Sebastian Yatra,241583,https://open.spotify.com/track/7uQmJ1jgNzBpATSoWKSPFu,2019-01-01,7uQmJ1jgNzBpATSoWKSPFu,0.048,0.632,198933,0.832,0.0,7,0.0705,-1.948,0,0.154,182.184,4,0.784
15,El Listón De Tu Pelo,Los Angeles Azules,213762,https://open.spotify.com/track/5hrxAFrYbNTLjAYSrmbpgr,2019-01-01,5hrxAFrYbNTLjAYSrmbpgr,0.32,0.734,216107,0.435,0.0,11,0.293,-8.162,0,0.0624,81.146,4,0.763
16,En Peligro de Extinción,La Adictiva Banda San José de Mesillas,212055,https://open.spotify.com/track/45sVRPegWSGpIcsrDoaaCY,2019-01-01,45sVRPegWSGpIcsrDoaaCY,0.219,0.709,234198,0.483,2.33e-06,0,0.241,-3.734,1,0.0281,123.566,4,0.834
17,BEBE,6ix9ine,208872,https://open.spotify.com/track/4KkUjFkcQvGvWekl8RATDn,2019-01-01,4KkUjFkcQvGvWekl8RATDn,0.172,0.635,217822,0.902,0.0,0,0.125,-3.559,1,0.109,102.063,4,0.286
18,Aerolínea Carrillo,T3R Elemento,207164,https://open.spotify.com/track/0xYTyyfV767E2Vn3hz56kL,2019-01-01,0xYTyyfV767E2Vn3hz56kL,0.337,0.669,174276,0.561,0.0,1,0.198,-6.613,1,0.0318,114.405,3,0.867
19,Cómo Te Voy A Olvidar,Los Angeles Azules,205161,https://open.spotify.com/track/51dNexiESqcJLsGLrmg1Nv,2019-01-01,51dNexiESqcJLsGLrmg1Nv,0.229,0.668,267827,0.472,3.58e-06,11,0.145,-7.912,0,0.0544,83.17,4,0.651
20,In My Mind,Dynoro,204564,https://open.spotify.com/track/0E9ZjEAyAwOXZ7wJC0PD33,2019-01-01,0E9ZjEAyAwOXZ7wJC0PD33,0.176,0.694,184560,0.77,1.1e-05,6,0.118,-5.335,1,0.149,125.905,4,0.163
21,No Es Justo,J Balvin,199350,https://open.spotify.com/track/5qFeMRz4TvetPmzjre9Dq7,2019-01-01,5qFeMRz4TvetPmzjre9Dq7,0.161,0.684,250840,0.811,0.000363,7,0.0871,-4.494,1,0.0714,87.866,4,0.721
22,Mejor Me Alejo,Banda Sinaloense MS de Sergio Lizárraga,198878,https://open.spotify.com/track/5OUGSwa2eadrcAsMdUItmO,2019-01-01,5OUGSwa2eadrcAsMdUItmO,0.206,0.823,201960,0.378,3.95e-06,0,0.106,-6.906,1,0.0431,124.084,4,0.54
23,Cuando Te Besé,Becky G,193090,https://open.spotify.com/track/2XXMDz7SPZ4mSFN1PXfHUy,2019-01-01,2XXMDz7SPZ4mSFN1PXfHUy,0.307,0.772,254383,0.732,5.14e-06,9,0.106,-3.713,0,0.213,100.048,4,0.295
24,"thank u, next",Ariana Grande,187036,https://open.spotify.com/track/2rPE9A1vEgShuZxxzR2tZH,2019-01-01,2rPE9A1vEgShuZxxzR2tZH,0.28,0.724,207333,0.647,0.0,1,0.102,-5.642,1,0.0658,106.96,4,0.435
25,Bohemian Rhapsody - Remastered 2011,Queen,186108,https://open.spotify.com/track/7tFiyTwD0nx5a1eklYtX2J,2019-01-01,7tFiyTwD0nx5a1eklYtX2J,0.254,0.397,354320,0.396,0.0,3,0.268,-9.91,1,0.05,142.913,4,0.227
26,No Me Acuerdo,Thalía,178655,https://open.spotify.com/track/1G586ld1gbaECg4Bc6w40O,2019-01-01,1G586ld1gbaECg4Bc6w40O,0.175,0.837,217653,0.784,0.0,7,0.0897,-4.531,0,0.101,94.036,4,0.748
27,Puntos Suspensivos,Piso 21,178611,https://open.spotify.com/track/04cd1MHVq1D8v1nuTZoCdv,2019-01-01,04cd1MHVq1D8v1nuTZoCdv,0.175,0.823,186316,0.731,0.0,11,0.131,-3.399,0,0.103,152.024,4,0.952
28,Te Boté - Remix,Nio Garcia,176489,https://open.spotify.com/track/3V8UKqhEK5zBkBb6d6ub8i,2019-01-01,3V8UKqhEK5zBkBb6d6ub8i,0.542,0.903,417920,0.675,1.28e-05,11,0.0595,-3.445,0,0.214,96.507,4,0.442
29,Adictiva,Daddy Yankee,175359,https://open.spotify.com/track/6MJUCumnQsQEKbCy28tbCP,2019-01-01,6MJUCumnQsQEKbCy28tbCP,0.291,0.788,207853,0.771,5.62e-05,4,0.172,-3.206,0,0.0563,99.038,4,0.701
30,Adiós Amor,Christian Nodal,175340,https://open.spotify.com/track/63bmZnBN1CiJ9sA4qTEe8y,2019-01-01,63bmZnBN1CiJ9sA4qTEe8y,0.195,0.439,199320,0.426,0.0,2,0.312,-6.437,1,0.0377,177.61,4,0.687
31,El Color de Tus Ojos,Banda Sinaloense MS de Sergio Lizárraga,174163,https://open.spotify.com/track/1l77YWrGUp3qX3NS1rz7lq,2019-01-01,1l77YWrGUp3qX3NS1rz7lq,0.278,0.765,202560,0.339,0.0,8,0.131,-8.965,1,0.0365,123.95,4,0.864
32,Reggaeton,J Balvin,170078,https://open.spotify.com/track/2D3z17LBMJ2HEHeBFFjTLi,2019-01-01,2D3z17LBMJ2HEHeBFFjTLi,0.0165,0.747,158800,0.74,9.94e-05,4,0.101,-4.325,0,0.191,176.059,4,0.552
33,Imposible,Luis Fonsi,169104,https://open.spotify.com/track/3ao3OVxHlb3C08vAaApUlm,2019-01-01,3ao3OVxHlb3C08vAaApUlm,0.122,0.786,163880,0.764,0.0,11,0.102,-2.935,1,0.0798,90.979,4,0.913
34,Mis Sentimientos,Los Angeles Azules,157435,https://open.spotify.com/track/66NNoydhDCKHjBZjO4OnNm,2019-01-01,66NNoydhDCKHjBZjO4OnNm,0.206,0.737,216000,0.696,0.000181,8,0.0776,-4.715,1,0.032,92.979,4,0.858
35,Bubalu,Becky G,157238,https://open.spotify.com/track/7dNwJbsT0sg1le5kVugGJb,2019-01-01,7dNwJbsT0sg1le5kVugGJb,0.616,0.8,228493,0.355,0.0,6,0.118,-10.47,0,0.0895,145.929,4,0.253
36,Sin Pijama,Becky G,153691,https://open.spotify.com/track/2ijef6ni2amuunRoKTlgww,2019-01-01,2ijef6ni2amuunRoKTlgww,0.354,0.791,188560,0.745,2.93e-05,11,0.104,-3.695,0,0.0464,94.014,4,0.82
37,Happier,Marshmello,153659,https://open.spotify.com/track/2dpaYNEQHiRxtZbfNsse99,2019-01-01,2dpaYNEQHiRxtZbfNsse99,0.191,0.687,214290,0.792,0.0,5,0.167,-2.749,1,0.0452,100.015,4,0.671
38,Probablemente,Christian Nodal,151704,https://open.spotify.com/track/4prmUBle7TtAeeUgCnsc3Z,2019-01-01,4prmUBle7TtAeeUgCnsc3Z,0.412,0.661,233547,0.489,0.0,7,0.102,-5.236,1,0.0284,79.996,4,0.591
39,Me Rehúso,Danny Ocean,151250,https://open.spotify.com/track/6De0lHrwBfPfrhorm9q1Xl,2019-01-01,6De0lHrwBfPfrhorm9q1Xl,0.0231,0.744,205715,0.804,0.0,1,0.0494,-6.327,1,0.0677,104.823,4,0.426
40,Sunflower - Spider-Man: Into the Spider-Verse,Post Malone,149896,https://open.spotify.com/track/3KkXRkHbMCARz0aVfEt68P,2019-01-01,3KkXRkHbMCARz0aVfEt68P,0.556,0.76,158040,0.479,0.0,2,0.0703,-5.574,1,0.0466,89.911,4,0.913
41,Rucón,Aleman,149264,https://open.spotify.com/track/6TDtGJSk3MDTnM6nTDu5Zu,2019-01-01,6TDtGJSk3MDTnM6nTDu5Zu,0.0196,0.863,168560,0.59,0.0,1,0.093,-8.768,1,0.5,161.98,4,0.579
42,En Donde Esta Tu Amor,Virlan Garcia,148999,https://open.spotify.com/track/3HGJyp3fbmd5ylCe3dvLiS,2019-01-01,3HGJyp3fbmd5ylCe3dvLiS,0.582,0.501,217429,0.4,0.0,0,0.0692,-4.76,1,0.0352,73.054,4,0.556
43,Ponle,Rvssian,147373,https://open.spotify.com/track/28O1p0bQXH2F6Qn8jBZZR4,2019-01-01,28O1p0bQXH2F6Qn8jBZZR4,0.187,0.857,164765,0.772,0.00181,10,0.0851,-4.736,0,0.194,94.028,4,0.589
44,Promises (with Sam Smith),Calvin Harris,147068,https://open.spotify.com/track/5N5k9nd479b1xpDZ4usjrg,2019-01-01,5N5k9nd479b1xpDZ4usjrg,0.0119,0.781,213309,0.768,4.91e-06,11,0.325,-5.991,1,0.0394,123.07,4,0.486
45,Solo de Mi,Bad Bunny,146695,https://open.spotify.com/track/4uP3pUP18ennmz0tb3GphR,2019-01-01,4uP3pUP18ennmz0tb3GphR,0.287,0.743,197968,0.73,8.1e-05,10,0.0778,-4.314,0,0.125,179.972,4,0.15
46,PPP,Kevin Roldan,143091,https://open.spotify.com/track/1DcxnVNFAyVl2sDQ646pXS,2019-01-01,1DcxnVNFAyVl2sDQ646pXS,0.363,0.786,129040,0.65,8.17e-05,4,0.122,-6.839,1,0.109,92.975,4,0.712
47,Procura,ChiChi Peralta,142648,https://open.spotify.com/track/3zbSYBDUbDEbqUIlCmOw09,2019-01-01,3zbSYBDUbDEbqUIlCmOw09,0.279,0.805,271031,0.757,0.000839,8,0.101,-7.46,1,0.0355,102.14,4,0.973
48,Sola,Manuel Turizo,138204,https://open.spotify.com/track/675w3ACw5xZR3ODhUJlEVN,2019-01-01,675w3ACw5xZR3ODhUJlEVN,0.483,0.704,195044,0.706,0.0,11,0.0965,-5.233,0,0.111,92.965,4,0.856
49,Tiene Espinas El Rosal,Grupo Cañaveral De Humberto Pabón,137443,https://open.spotify.com/track/1PZ3QsCFec05Ls3PwOqKXZ,2019-01-01,1PZ3QsCFec05Ls3PwOqKXZ,0.0343,0.68,237960,0.423,0.0,11,0.0925,-11.112,0,0.136,169.184,4,0.822
50,Mala Mía,Maluma,135027,https://open.spotify.com/track/62o8KoI44JfN7aYxgTnPvh,2019-01-01,62o8KoI44JfN7aYxgTnPvh,0.31,0.749,183753,0.752,0.0,6,0.232,-4.883,1,0.345,180.049,4,0.901
38,Créeme,KAROL G,125267,https://open.spotify.com/track/1mT47pKLXUwPYGwB91GcNz,2019-01-02,1mT47pKLXUwPYGwB91GcNz,0.154,0.715,212493,0.872,0.000146,6,0.11,-3.501,1,0.0547,96.939,4,0.682
42,Déjala que vuelva (feat. Manuel Turizo),Piso 21,115705,https://open.spotify.com/track/1j6xOGusnyXq3l6IryKF3G,2019-01-02,1j6xOGusnyXq3l6IryKF3G,0.0482,0.681,220117,0.788,0.0,1,0.0753,-4.323,1,0.0785,170.019,4,0.839
43,Cuando Nadie Ve,Morat,113665,https://open.spotify.com/track/71iAechwVKGu26pahzFL0k,2019-01-02,71iAechwVKGu26pahzFL0k,0.133,0.806,219587,0.778,0.0,1,0.218,-4.577,0,0.0616,95.993,4,0.84
45,Culpables,KAROL G,109686,https://open.spotify.com/track/6q8Lb50EtqNeeJXXe8mMAH,2019-01-02,6q8Lb50EtqNeeJXXe8mMAH,0.279,0.728,226627,0.801,4.71e-06,8,0.143,-2.942,0,0.0683,130.059,4,0.416
46,Another One Bites The Dust - Remastered 2011,Queen,107927,https://open.spotify.com/track/5vdp5UmvTsnMEMESIF2Ym7,2019-01-02,5vdp5UmvTsnMEMESIF2Ym7,0.112,0.933,214653,0.528,0.312,5,0.163,-6.472,0,0.161,109.967,4,0.754
49,Girls Like You (feat. Cardi B),Maroon 5,100470,https://open.spotify.com/track/7fa9MBXhVfQ8P8Df9OEbD8,2019-01-02,7fa9MBXhVfQ8P8Df9OEbD8,0.568,0.851,235545,0.541,0.0,0,0.13,-6.825,1,0.0505,124.959,4,0.448
50,Natural,Imagine Dragons,99985,https://open.spotify.com/track/2FY7b99s15jUprqC0M5NCT,2019-01-02,2FY7b99s15jUprqC0M5NCT,0.217,0.704,189467,0.611,0.0,2,0.0812,-6.112,1,0.0409,100.0,4,0.22
49,Te Vi,Piso 21,108918,https://open.spotify.com/track/059bcIhyc2SBwm6sw2AZzd,2019-01-03,059bcIhyc2SBwm6sw2AZzd,0.0446,0.877,231848,0.777,3.46e-05,1,0.0863,-4.246,1,0.117,102.02,4,0.706
50,La player (Bandolera),Zion & Lennox,112950,https://open.spotify.com/track/0VKkyBKCXyR99navhVRqcP,2019-01-05,0VKkyBKCXyR99navhVRqcP,0.16,0.769,249609,0.838,0.0,2,0.0935,-5.238,1,0.0633,93.996,4,0.602
45,Ni Gucci Ni Prada,Kenny Man,125369,https://open.spotify.com/track/32lexhcz93AinKK0qLTZaZ,2019-01-08,32lexhcz93AinKK0qLTZaZ,0.41,0.799,175200,0.676,0.000777,2,0.325,-5.644,1,0.169,104.956,4,0.91
42,Baila Baila Baila,Ozuna,142485,https://open.spotify.com/track/7uH27oIt4a6cIFCA8ZPcyG,2019-01-11,7uH27oIt4a6cIFCA8ZPcyG,0.0361,0.816,158400,0.754,0.0,11,0.217,-2.75,0,0.111,99.966,4,0.533
50,Amanece,Anuel AA,122182,https://open.spotify.com/track/1LiN0Z98FkR1t0m8KmLcAH,2019-01-11,1LiN0Z98FkR1t0m8KmLcAH,0.437,0.79,190005,0.631,0.0,8,0.158,-5.549,0,0.0425,94.039,4,0.889
48,NI BIEN NI MAL,Bad Bunny,122232,https://open.spotify.com/track/278kSqsZIiYp8p3QjYAqa8,2019-01-15,278kSqsZIiYp8p3QjYAqa8,0.556,0.826,236216,0.449,1.85e-05,5,0.273,-8.33,0,0.0674,128.028,4,0.337
50,Dancing With A Stranger (with Normani),Sam Smith,115313,https://open.spotify.com/track/6Qs4SXO9dwPj5GKvVOv8Ki,2019-01-15,6Qs4SXO9dwPj5GKvVOv8Ki,0.45,0.741,171030,0.52,1.97e-06,8,0.222,-7.513,1,0.0656,102.998,4,0.347
23,Secreto,Anuel AA,188414,https://open.spotify.com/track/5W83ErFkO3aKAIS1WMi6u0,2019-01-16,5W83ErFkO3aKAIS1WMi6u0,0.602,0.807,258800,0.803,0.00853,11,0.136,-4.156,1,0.126,91.987,4,0.706
14,7 rings,Ariana Grande,260280,https://open.spotify.com/track/14msK75pk3pA33pzPVNtBF,2019-01-18,14msK75pk3pA33pzPVNtBF,0.578,0.725,178640,0.321,0.0,1,0.0884,-10.744,0,0.323,70.142,4,0.319
45,Un Año,Sebastian Yatra,154648,https://open.spotify.com/track/5BDP2tky8oMQJPS33frKVp,2019-01-18,5BDP2tky8oMQJPS33frKVp,0.148,0.771,164440,0.382,0.0,1,0.104,-6.808,0,0.0514,94.931,4,0.535
43,Con Calma,Daddy Yankee,137983,https://open.spotify.com/track/5w9c2J52mkdntKOmRLeM2m,2019-01-28,5w9c2J52mkdntKOmRLeM2m,0.11,0.737,193227,0.86,1.94e-06,8,0.0574,-2.652,0,0.0593,93.989,4,0.656
45,Dile la Verdad,The Rudeboyz,134536,https://open.spotify.com/track/6qP73DRFGojLuIk1siIhNE,2019-01-29,6qP73DRFGojLuIk1siIhNE,0.292,0.886,219029,0.701,1.16e-05,7,0.0574,-3.504,1,0.141,103.0,4,0.823
19,Imposible,Luis Fonsi,240934,https://open.spotify.com/track/4cuGZb0iFyHtwaSKdKrJkF,2019-02-01,4cuGZb0iFyHtwaSKdKrJkF,0.127,0.783,164533,0.738,0.0,11,0.127,-4.078,1,0.0741,90.976,4,0.925
40,bury a friend,Billie Eilish,163091,https://open.spotify.com/track/4NzMOnvSJVNKF7nw5NkXIP,2019-02-01,4NzMOnvSJVNKF7nw5NkXIP,0.74,0.905,193143,0.389,0.162,8,0.106,-14.505,1,0.332,120.046,4,0.196
6,7 rings,Ariana Grande,426961,https://open.spotify.com/track/6ocbgoVGwYJhOv1GgI9NsF,2019-02-08,6ocbgoVGwYJhOv1GgI9NsF,0.592,0.778,178627,0.317,0.0,1,0.0881,-10.732,0,0.334,140.048,4,0.327
21,"thank u, next",Ariana Grande,232390,https://open.spotify.com/track/3e9HZxeyfWwjeyPAMmWSSQ,2019-02-08,3e9HZxeyfWwjeyPAMmWSSQ,0.229,0.717,207320,0.653,0.0,1,0.101,-5.634,1,0.0658,106.966,4,0.412
34,"break up with your girlfriend, i'm bored",Ariana Grande,180044,https://open.spotify.com/track/4kV4N9D1iKVxx1KLvtTpjS,2019-02-08,4kV4N9D1iKVxx1KLvtTpjS,0.0421,0.726,190440,0.554,0.0,5,0.106,-5.29,0,0.0917,169.999,4,0.335
44,Shallow,Lady Gaga,138223,https://open.spotify.com/track/2VxeLyX666F8uXCJ0dZF8B,2019-02-11,2VxeLyX666F8uXCJ0dZF8B,0.371,0.572,215733,0.385,0.0,7,0.231,-6.362,1,0.0308,95.799,4,0.323
47,Forever Alone,Paulo Londra,146553,https://open.spotify.com/track/5NPzbTzFxIQPaheZuPhn4f,2019-02-14,5NPzbTzFxIQPaheZuPhn4f,0.498,0.864,215963,0.426,0.000228,7,0.145,-8.392,0,0.0561,129.954,4,0.477
46,Pa Olvidarte (feat. Manuel Turizo) - Remix,ChocQuibTown,162847,https://open.spotify.com/track/2ktoFujjJtantyMoVdBJlX,2019-02-16,2ktoFujjJtantyMoVdBJlX,0.0441,0.724,256418,0.791,6.55e-06,7,0.239,-5.411,1,0.169,176.011,4,0.856
47,Esclavo de Tus Besos,Manuel Turizo,139707,https://open.spotify.com/track/3g4UyIcQwutiG0TfW32GnX,2019-02-20,3g4UyIcQwutiG0TfW32GnX,0.113,0.805,219302,0.671,0.0,5,0.278,-5.316,1,0.111,90.979,4,0.522
26,Sunflower - Spider-Man: Into the Spider-Verse,Post Malone,209660,https://open.spotify.com/track/7dbka99KTWke5o9hRp0JoB,2019-02-22,7dbka99KTWke5o9hRp0JoB,0.552,0.761,158040,0.479,0.0,2,0.0704,-5.574,1,0.0466,89.913,4,0.912
50,Dancin (feat. Luvli) - Krono Remix,Aaron Smith,123293,https://open.spotify.com/track/6WkJ2OK163XXS2oARUC9JM,2019-02-25,6WkJ2OK163XXS2oARUC9JM,0.101,0.72,198053,0.741,1.41e-05,10,0.289,-6.529,0,0.0287,119.896,4,0.357
17,Sucker,Jonas Brothers,277356,https://open.spotify.com/track/4y3OI86AEP6PQoDE6olYhO,2019-03-01,4y3OI86AEP6PQoDE6olYhO,0.0427,0.842,181040,0.734,0.0,1,0.106,-5.065,0,0.0588,137.958,4,0.952
27,HP,Maluma,215316,https://open.spotify.com/track/31UjYv5vLsDkzchJOtUMtW,2019-03-01,31UjYv5vLsDkzchJOtUMtW,0.252,0.837,184436,0.791,1.14e-06,4,0.188,-3.157,0,0.0773,91.98,4,0.618
36,"I Can’t Get Enough (benny blanco, Selena Gomez, J Balvin, Tainy)",benny blanco,186178,https://open.spotify.com/track/1WSGTYKLEpKfNQYYW5Oymt,2019-03-01,1WSGTYKLEpKfNQYYW5Oymt,0.404,0.541,158027,0.468,3.65e-06,10,0.358,-4.039,0,0.362,95.266,4,0.69
47,Rebota,Guaynaa,161033,https://open.spotify.com/track/2YRvdf9cdS88y1wB1WhKoE,2019-03-01,2YRvdf9cdS88y1wB1WhKoE,0.188,0.796,204631,0.911,0.0,1,0.499,-1.998,1,0.285,180.128,4,0.918
50,Aullando,Wisin & Yandel,159871,https://open.spotify.com/track/7BuHdm4lQqcyG3qTwdkxus,2019-03-02,7BuHdm4lQqcyG3qTwdkxus,0.184,0.8,226200,0.74,0.0,10,0.0558,-4.52,0,0.0479,90.035,4,0.775
9,Ella Quiere Beber - Remix,Anuel AA,320632,https://open.spotify.com/track/3f5lA8nnc4YYF1qf78WpHw,2019-03-04,3f5lA8nnc4YYF1qf78WpHw,0.265,0.75,219357,0.665,0.0,8,0.0515,-3.083,1,0.124,95.239,4,0.697
50,Wake Up in the Sky,Gucci Mane,135110,https://open.spotify.com/track/2G1tXoGBaEMJ7FKGnkf6ud,2019-03-05,2G1tXoGBaEMJ7FKGnkf6ud,0.00381,0.8,203161,0.578,0.0,4,0.367,-5.144,0,0.0485,143.01,4,0.367
47,Pa Mí - Remix,Dalex,139808,https://open.spotify.com/track/224EVTFiLsdQignUFLvDeH,2019-03-06,224EVTFiLsdQignUFLvDeH,0.753,0.688,360960,0.62,5.27e-06,11,0.158,-8.029,0,0.22,170.018,4,0.727
42,R.I.P. (feat. Rita Ora & Anitta),Sofia Reyes,140710,https://open.spotify.com/track/6JqpFboOH2bq9pzaYbkKBn,2019-03-20,6JqpFboOH2bq9pzaYbkKBn,0.18,0.764,187200,0.752,0.0,8,0.0701,-3.713,0,0.0711,100.066,4,0.698
49,Soltera,Lunay,129922,https://open.spotify.com/track/4T4CZ3Q4z3GG7lU720YYhM,2019-03-20,4T4CZ3Q4z3GG7lU720YYhM,0.446,0.778,213913,0.731,0.0,5,0.251,-4.325,1,0.0399,91.991,4,0.854
50,Que Le De,Rauw Alejandro,126854,https://open.spotify.com/track/08aYFNUTIOMGq93e2VSArQ,2019-03-20,08aYFNUTIOMGq93e2VSArQ,0.19,0.77,225600,0.75,0.0,0,0.0618,-2.715,1,0.0785,99.997,4,0.609
42,Swing (Bonus Track),Danny Ocean,139875,https://open.spotify.com/track/5zUGr7GcNo7UNjvkNYkjiH,2019-03-21,5zUGr7GcNo7UNjvkNYkjiH,0.458,0.729,155058,0.616,0.0,8,0.082,-6.422,1,0.249,106.486,4,0.532
34,Swing,Danny Ocean,167219,https://open.spotify.com/track/4DbhxwlkhTbCTqlZptxmI6,2019-03-22,4DbhxwlkhTbCTqlZptxmI6,0.458,0.729,155058,0.616,0.0,8,0.082,-6.422,1,0.249,106.486,4,0.532
37,Me Rehúso,Danny Ocean,160157,https://open.spotify.com/track/6ifUES3keWjwXgae8pXI3o,2019-03-22,6ifUES3keWjwXgae8pXI3o,0.0231,0.744,205715,0.804,0.0,1,0.0494,-6.327,1,0.0677,104.823,4,0.426
50,Duele,Reik,139455,https://open.spotify.com/track/3NncP0ajz9lqYAZcQD7Bpo,2019-03-22,3NncP0ajz9lqYAZcQD7Bpo,0.0356,0.684,238360,0.842,0.0,7,0.204,-4.54,0,0.201,174.051,4,0.483
45,Te Robaré,Nicky Jam,152625,https://open.spotify.com/track/6v0lAdFF4haL8xjBIUjtOw,2019-03-23,6v0lAdFF4haL8xjBIUjtOw,0.241,0.673,201818,0.752,4.51e-05,2,0.0813,-3.572,0,0.0561,175.997,4,0.797
46,Cristina,Sebastian Yatra,134039,https://open.spotify.com/track/1Kjer1JoWuJGNwGV6Pbgv1,2019-03-26,1Kjer1JoWuJGNwGV6Pbgv1,0.286,0.649,202040,0.502,0.0,5,0.166,-4.368,1,0.0437,87.0,3,0.695
39,Bohemian Rhapsody - Remastered 2011,Queen,147584,https://open.spotify.com/track/4u7EnebtmKWzUH433cf5Qv,2019-03-27,4u7EnebtmKWzUH433cf5Qv,0.271,0.414,354320,0.404,0.0,0,0.3,-9.928,0,0.0499,71.105,4,0.224
36,Verte Ir,DJ Luian,164706,https://open.spotify.com/track/4lzxJ4jCuFDXXGkE1LmpKR,2019-03-29,4lzxJ4jCuFDXXGkE1LmpKR,0.391,0.857,267500,0.647,1.2e-06,11,0.0842,-4.152,0,0.0984,95.982,4,0.553
43,bad guy,Billie Eilish,157440,https://open.spotify.com/track/2Fxmhks0bxGSBdJ92vM42m,2019-03-29,2Fxmhks0bxGSBdJ92vM42m,0.328,0.701,194088,0.425,0.13,7,0.1,-10.965,1,0.375,135.128,4,0.562
46,Con Altura,ROSALÍA,154840,https://open.spotify.com/track/2qG5sZ7Si6sdK74qLxedYM,2019-03-29,2qG5sZ7Si6sdK74qLxedYM,0.39,0.882,161627,0.689,0.00325,6,0.0501,-4.027,1,0.124,97.963,4,0.746
48,bury a friend,Billie Eilish,154570,https://open.spotify.com/track/4SSnFejRGlZikf02HLewEF,2019-03-29,4SSnFejRGlZikf02HLewEF,0.74,0.905,193143,0.389,0.162,8,0.106,-14.505,1,0.332,120.046,4,0.196
49,Lost on You,LP,129502,https://open.spotify.com/track/3SqvR3HYLlCTYzbDXJ52OC,2019-04-02,3SqvR3HYLlCTYzbDXJ52OC,0.1,0.433,268105,0.724,0.0,5,0.0918,-6.126,0,0.0372,174.006,4,0.689
39,Tal Vez,Paulo Londra,161729,https://open.spotify.com/track/46lvmzK8wxAy66tjzXXSh0,2019-04-04,46lvmzK8wxAy66tjzXXSh0,0.266,0.849,264483,0.655,0.0,8,0.0781,-2.899,1,0.106,161.966,4,0.76
38,Contra La Pared,Sean Paul,147748,https://open.spotify.com/track/3JjaofJ0lCeEsFSZqppzOp,2019-04-09,3JjaofJ0lCeEsFSZqppzOp,0.0156,0.828,224681,0.588,0.0,2,0.124,-7.14,1,0.118,94.052,4,0.598
10,Un Año,Sebastian Yatra,341290,https://open.spotify.com/track/2vrpcQNg6itmgVZWsNjWe0,2019-04-12,2vrpcQNg6itmgVZWsNjWe0,0.14,0.773,163813,0.378,0.0,1,0.133,-7.062,0,0.0531,94.946,4,0.513
38,Boy With Luv (feat. Halsey),BTS,174261,https://open.spotify.com/track/5KawlOMHjWeUjQtnuRs22c,2019-04-12,5KawlOMHjWeUjQtnuRs22c,0.0923,0.645,229773,0.862,0.0,11,0.192,-4.757,0,0.0965,119.991,4,0.798
40,Cristina,Sebastian Yatra,162418,https://open.spotify.com/track/703iVQrfbQsXt7Uzgy1h8k,2019-04-12,703iVQrfbQsXt7Uzgy1h8k,0.29,0.411,201627,0.508,0.0,5,0.123,-4.342,1,0.0557,81.96,3,0.668
49,De Los Besos Que Te Di,Christian Nodal,125761,https://open.spotify.com/track/2ttoeuNKXixDHom5rRvowm,2019-04-16,2ttoeuNKXixDHom5rRvowm,0.305,0.683,167493,0.501,0.0,11,0.0439,-3.823,0,0.031,97.971,4,0.703
44,Con Calma - Remix,Daddy Yankee,126746,https://open.spotify.com/track/4au7FRcgZzChASRYu279xH,2019-04-19,4au7FRcgZzChASRYu279xH,0.166,0.736,181280,0.868,1.48e-06,8,0.0419,-3.01,0,0.0454,94.026,4,0.613
50,Que Mas Pues - Remix,Sech,118589,https://open.spotify.com/track/7fODjB7BrQTGqh0hogW6XD,2019-04-23,7fODjB7BrQTGqh0hogW6XD,0.121,0.648,305962,0.661,2.33e-06,11,0.12,-5.027,1,0.195,113.363,5,0.813
45,Mala Fama,Danna Paola,126030,https://open.spotify.com/track/6m9qNGeOq3Nvq7Qhal4t83,2019-04-25,6m9qNGeOq3Nvq7Qhal4t83,0.2,0.763,182467,0.578,5.12e-06,6,0.0595,-3.894,0,0.0852,175.959,4,0.818
15,ME! (feat. Brendon Urie of Panic! At The Disco),Taylor Swift,267109,https://open.spotify.com/track/4Sib57MmYGJzSvkW84jTwh,2019-04-26,4Sib57MmYGJzSvkW84jTwh,0.0291,0.614,193040,0.839,0.0,0,0.112,-4.143,1,0.0702,182.123,4,0.657
50,Punto G,KAROL G,121451,https://open.spotify.com/track/5Lb1pjnll07UQKxNpnnGBy,2019-04-26,5Lb1pjnll07UQKxNpnnGBy,0.00796,0.787,181587,0.751,0.000139,6,0.0857,-4.738,0,0.0865,165.961,4,0.926
48,Déjate Querer,Lalo Ebratt,113044,https://open.spotify.com/track/3mN2DtljBhnrIpc3Nu2pJ8,2019-04-29,3mN2DtljBhnrIpc3Nu2pJ8,0.028,0.755,202824,0.792,0.0,6,0.0754,-4.238,1,0.0484,106.014,4,0.844
40,Baila Baila Baila - Remix,Ozuna,136910,https://open.spotify.com/track/7mWFF4gPADjTQjC97CgFVt,2019-04-30,7mWFF4gPADjTQjC97CgFVt,0.0598,0.785,235284,0.572,0.0,2,0.218,-7.504,1,0.123,100.016,4,0.49
33,Otro Trago,Sech,154652,https://open.spotify.com/track/1Ej96GIBCTvgH7tNX1r3qr,2019-05-02,1Ej96GIBCTvgH7tNX1r3qr,0.136,0.747,225933,0.7,0.000167,0,0.11,-4.669,1,0.341,176.036,4,0.62
47,Dime Cuantas Veces,Micro Tdh,124015,https://open.spotify.com/track/4t8YQE2FIpTIq9SxeuOuuP,2019-05-02,4t8YQE2FIpTIq9SxeuOuuP,0.335,0.753,213960,0.572,2.02e-05,5,0.0858,-6.062,0,0.371,200.007,4,0.752
9,Desconocidos,Mau y Ricky,332038,https://open.spotify.com/track/56f5qnyAlZdlz8wrUDA50h,2019-05-03,56f5qnyAlZdlz8wrUDA50h,0.118,0.719,204564,0.753,4.21e-06,7,0.212,-4.891,1,0.179,174.107,4,0.675
37,Punto G,KAROL G,158559,https://open.spotify.com/track/2E82gORVSA7UMEz5M1IP3b,2019-05-03,2E82gORVSA7UMEz5M1IP3b,0.00938,0.791,183160,0.746,0.000117,6,0.125,-4.716,1,0.0907,165.994,4,0.905
38,Créeme,KAROL G,153378,https://open.spotify.com/track/4EKZsrsCKyqr64FBHLc0DU,2019-05-03,4EKZsrsCKyqr64FBHLc0DU,0.126,0.715,214293,0.874,0.000162,6,0.105,-3.576,1,0.0548,96.995,4,0.652
46,If I Can't Have You,Shawn Mendes,138743,https://open.spotify.com/track/6LsAAHotRLMOHfCsSfYCsz,2019-05-03,6LsAAHotRLMOHfCsSfYCsz,0.524,0.692,190800,0.809,0.0,2,0.147,-4.198,1,0.0602,123.911,4,0.864
21,Contra La Pared,Sean Paul,201154,https://open.spotify.com/track/37eGbhE1xVFSvcKkqGb6i1,2019-05-09,37eGbhE1xVFSvcKkqGb6i1,0.0156,0.828,224681,0.588,0.0,2,0.124,-7.14,1,0.118,94.052,4,0.598
6,Pa Mí - Remix,Dalex,401412,https://open.spotify.com/track/7g8YaUQABMal0zWe7a2ijz,2019-05-10,7g8YaUQABMal0zWe7a2ijz,0.753,0.688,360960,0.62,5.27e-06,11,0.158,-8.029,0,0.22,170.018,4,0.727
10,I Don't Care (with Justin Bieber),Ed Sheeran,335169,https://open.spotify.com/track/3HVWdVOQ0ZA45FuZGSfvns,2019-05-10,3HVWdVOQ0ZA45FuZGSfvns,0.0912,0.798,219947,0.675,0.0,6,0.0894,-5.041,1,0.0442,101.956,4,0.842
29,Soltera - Remix,Lunay,186039,https://open.spotify.com/track/1c0hsvHLELX6y8qymnpLKL,2019-05-10,1c0hsvHLELX6y8qymnpLKL,0.361,0.795,266087,0.783,0.0,5,0.437,-4.271,1,0.0432,92.016,4,0.8
32,No Te Contaron Mal,Christian Nodal,179722,https://open.spotify.com/track/7hbk4BaF66O09R1gq0bKwj,2019-05-10,7hbk4BaF66O09R1gq0bKwj,0.369,0.644,156520,0.568,0.0,9,0.151,-3.077,0,0.038,81.409,4,0.654
36,De Los Besos Que Te Di,Christian Nodal,153919,https://open.spotify.com/track/1qfoq1qvZT7VwDVeekCJ97,2019-05-10,1qfoq1qvZT7VwDVeekCJ97,0.388,0.504,167373,0.503,0.0,7,0.0608,-3.313,1,0.0422,195.593,4,0.709
47,Old Town Road (feat. Billy Ray Cyrus) - Remix,Lil Nas X,118913,https://open.spotify.com/track/6u7jPi22kF8CTQ3rb9DHE7,2019-05-13,6u7jPi22kF8CTQ3rb9DHE7,0.0533,0.878,157067,0.619,0.0,6,0.113,-5.56,1,0.102,136.041,4,0.639
40,Solo Pienso En Ti (feat. De La Ghetto & Justin Quiles),Paulo Londra,136298,https://open.spotify.com/track/53rkN7z3bKorDSIxDvqXNt,2019-05-15,53rkN7z3bKorDSIxDvqXNt,0.102,0.86,268794,0.697,0.0,1,0.159,-4.727,1,0.0718,129.978,4,0.586
2,HP,Maluma,528444,https://open.spotify.com/track/1LIqNVhaIgxXUt2eVoIQJ3,2019-05-17,1LIqNVhaIgxXUt2eVoIQJ3,0.252,0.837,184436,0.791,1.14e-06,4,0.188,-3.157,0,0.0773,91.98,4,0.618
18,11 PM,Maluma,249973,https://open.spotify.com/track/7KbF6AdprOXEEHlsq11Z6d,2019-05-17,7KbF6AdprOXEEHlsq11Z6d,0.217,0.777,175733,0.712,0.0,10,0.091,-4.84,1,0.277,95.692,4,0.68
36,Mala Fama,Danna Paola,148387,https://open.spotify.com/track/2LVWDR1oEthhLIOtT4hHih,2019-05-17,2LVWDR1oEthhLIOtT4hHih,0.186,0.762,182467,0.582,5.28e-06,6,0.0596,-3.884,0,0.0812,175.95,4,0.816
45,ME! (feat. Brendon Urie of Panic! At The Disco),Taylor Swift,120243,https://open.spotify.com/track/4MsUsFfWseB9M2plGJyuIw,2019-05-20,4MsUsFfWseB9M2plGJyuIw,0.0291,0.614,193040,0.839,0.0,0,0.112,-4.143,1,0.0702,182.123,4,0.657
47,Fuentes de Ortiz,Ed Maverick,118989,https://open.spotify.com/track/0akyEssGRVHstqCSWXusJL,2019-05-20,0akyEssGRVHstqCSWXusJL,0.946,0.83,207400,0.159,2.02e-05,1,0.362,-14.461,1,0.0383,104.95,4,0.189
50,La Boca,Mau y Ricky,122728,https://open.spotify.com/track/0UQwlF2pRkr1lMN6kNNUj3,2019-05-21,0UQwlF2pRkr1lMN6kNNUj3,0.0655,0.618,206279,0.795,0.0,2,0.309,-1.8,1,0.113,185.901,4,0.76
38,No Lo Trates,Pitbull,145325,https://open.spotify.com/track/4gqMVEJSaL5nNeKj5WmVoT,2019-05-23,4gqMVEJSaL5nNeKj5WmVoT,0.0569,0.834,198453,0.808,0.00052,11,0.222,-2.597,1,0.0542,104.026,4,0.829
49,Mañana Es Too Late,Jesse & Joy,127261,https://open.spotify.com/track/3AnFYXJMTNJtQUwsJWmTK4,2019-05-23,3AnFYXJMTNJtQUwsJWmTK4,0.262,0.71,195213,0.772,0.0,11,0.357,-3.291,0,0.162,183.957,4,0.867
2,Tal Vez,Paulo Londra,538341,https://open.spotify.com/track/5jW3rF4URMdK7tO2xjS5EI,2019-05-24,5jW3rF4URMdK7tO2xjS5EI,0.25,0.855,263899,0.649,0.0,8,0.0801,-2.443,1,0.151,161.986,4,0.741
21,Adan y Eva,Paulo Londra,243576,https://open.spotify.com/track/132ALUzVLmqYB4UsBj5qD6,2019-05-24,132ALUzVLmqYB4UsBj5qD6,0.323,0.767,256972,0.709,0.0,1,0.0745,-4.47,1,0.336,171.993,4,0.72
32,Solo Pienso En Ti (feat. De La Ghetto & Justin Quiles),Paulo Londra,180106,https://open.spotify.com/track/3H9GDhVVTlmFQSmpt51qiP,2019-05-24,3H9GDhVVTlmFQSmpt51qiP,0.102,0.86,268794,0.697,0.0,1,0.159,-4.727,1,0.0718,129.978,4,0.586
48,Mejor No Nos Vemos,Rels B,137907,https://open.spotify.com/track/4jRSV2R1mO5pQ5upXATMi2,2019-05-24,4jRSV2R1mO5pQ5upXATMi2,0.208,0.554,189187,0.652,0.000201,9,0.104,-4.874,1,0.425,184.012,4,0.346
49,Homerun (Intro),Paulo Londra,136826,https://open.spotify.com/track/7kh95COsNZjnTmc6aF76n7,2019-05-24,7kh95COsNZjnTmc6aF76n7,0.669,0.822,149505,0.264,0.0,5,0.0972,-9.37,1,0.0593,135.117,4,0.672
48,Baila Conmigo,Dayvi,116829,https://open.spotify.com/track/5UHt8da1DadBV8Gsgtjg6t,2019-05-26,5UHt8da1DadBV8Gsgtjg6t,0.00871,0.739,191347,0.963,0.426,7,0.203,-4.605,1,0.0956,128.033,4,0.584
45,No Me Conoce - Remix,Jhay Cortez,126455,https://open.spotify.com/track/4R8BJggjosTswLxtkw8V7P,2019-05-28,4R8BJggjosTswLxtkw8V7P,0.145,0.806,309120,0.786,0.0,10,0.0935,-3.831,0,0.0741,91.973,4,0.58
41,Amigos Con Derechos,Reik,153635,https://open.spotify.com/track/4yVO0wOhXsZC1RuPgHP524,2019-05-31,4yVO0wOhXsZC1RuPgHP524,0.0464,0.678,227480,0.806,0.0,1,0.0673,-3.334,1,0.0648,183.984,4,0.614
42,Never Really Over,Katy Perry,152977,https://open.spotify.com/track/5PYQUBXc7NYeI1obMKSJK0,2019-05-31,5PYQUBXc7NYeI1obMKSJK0,0.194,0.77,223523,0.882,0.0,8,0.316,-4.792,1,0.0602,99.991,4,0.385
43,Callaita,Bad Bunny,152852,https://open.spotify.com/track/2TH65lNHgvLxCKXM3apjxI,2019-05-31,2TH65lNHgvLxCKXM3apjxI,0.6,0.61,250534,0.624,2.12e-06,2,0.243,-4.773,1,0.309,176.169,4,0.244
15,ReBoTa,Guayna,271989,https://open.spotify.com/track/3LzJUPmudZeeJhUpeXYcuV,2019-06-01,3LzJUPmudZeeJhUpeXYcuV,0.186,0.82,202478,0.895,0.0,2,0.325,-2.735,1,0.275,90.09,4,0.909
49,Si Se Da,Myke Towers,119691,https://open.spotify.com/track/5KbBGUpIZd6gVFUU8tqYiQ,2019-06-04,5KbBGUpIZd6gVFUU8tqYiQ,0.374,0.83,237013,0.71,0.0,11,0.0877,-5.523,0,0.326,93.977,4,0.703
17,Amor Genuino,Ozuna,245338,https://open.spotify.com/track/6pK5edDoyrn4mWwRSVc2a5,2019-06-05,6pK5edDoyrn4mWwRSVc2a5,0.653,0.442,179937,0.445,0.0,10,0.118,-4.071,0,0.0381,85.744,4,0.423
28,Baila Conmigo (feat. Kelly Ruiz),Dayvi,203798,https://open.spotify.com/track/4Clmg1g8n2yBYG13Z1oSdG,2019-06-07,4Clmg1g8n2yBYG13Z1oSdG,0.00903,0.745,189818,0.972,0.465,7,0.297,-3.506,1,0.0774,128.031,4,0.556
44,Sucker,Jonas Brothers,143954,https://open.spotify.com/track/22vgEDb5hykfaTwLuskFGD,2019-06-07,22vgEDb5hykfaTwLuskFGD,0.0427,0.842,181027,0.734,0.0,1,0.106,-5.065,0,0.0588,137.958,4,0.952
49,La Escuela No Me Gustó,Adriel Favela,118103,https://open.spotify.com/track/4qArKIA7dnmdushoBlkV94,2019-06-09,4qArKIA7dnmdushoBlkV94,0.323,0.836,176000,0.766,1.18e-06,7,0.091,-6.229,0,0.0371,112.548,4,0.844
49,Cuaderno,Dalex,131576,https://open.spotify.com/track/7anSoGdgtmJTAPZBzcPhO6,2019-06-14,7anSoGdgtmJTAPZBzcPhO6,0.524,0.681,286507,0.648,0.0,1,0.104,-5.021,0,0.38,172.019,4,0.687
50,You Need To Calm Down,Taylor Swift,131007,https://open.spotify.com/track/29fRTIKsJhLUJoldM89GZS,2019-06-14,29fRTIKsJhLUJoldM89GZS,0.00838,0.769,171387,0.678,0.0,2,0.0596,-5.604,1,0.0507,85.025,4,0.706
31,Mamare Rebota,Guayna,173097,https://open.spotify.com/track/5eyMxSdSDoOMEwyM1llGY6,2019-06-19,5eyMxSdSDoOMEwyM1llGY6,0.186,0.82,202478,0.895,0.0,2,0.325,-2.735,1,0.275,90.09,4,0.909
49,Aleluya,Reik,130358,https://open.spotify.com/track/23CsjGOYDQiJpX44BSn9TM,2019-06-20,23CsjGOYDQiJpX44BSn9TM,0.0478,0.81,158480,0.716,0.0,8,0.0678,-2.3,1,0.0694,96.029,4,0.689
50,Ocean,KAROL G,123846,https://open.spotify.com/track/6qoIFQfdmaQF9A1gb67tR7,2019-06-20,6qoIFQfdmaQF9A1gb67tR7,0.933,0.727,155947,0.482,0.0,11,0.388,-6.193,1,0.115,74.93,4,0.487
13,Señorita,Shawn Mendes,331910,https://open.spotify.com/track/0TK2YIli7K1leLovkQiNik,2019-06-21,0TK2YIli7K1leLovkQiNik,0.037,0.759,190960,0.54,0.0,9,0.0945,-6.039,0,0.0287,116.947,4,0.75
24,Runaway,Sebastian Yatra,217279,https://open.spotify.com/track/7BuSE9uTIw931wtZYzvZcQ,2019-06-21,7BuSE9uTIw931wtZYzvZcQ,0.0336,0.756,200693,0.851,0.0,2,0.126,-3.33,1,0.0674,75.014,4,0.934
50,Loco Contigo (with J. Balvin & Tyga),DJ Snake,141759,https://open.spotify.com/track/1f38Gx6xQz6r4H1jGVNBJo,2019-06-21,1f38Gx6xQz6r4H1jGVNBJo,0.285,0.822,185195,0.743,2.31e-06,6,0.102,-3.04,0,0.0567,96.025,4,0.355
17,Old Town Road (feat. Billy Ray Cyrus) - Remix,Lil Nas X,269699,https://open.spotify.com/track/4O4HtthxTvVL1Z1PuDb7GX,2019-06-22,4O4HtthxTvVL1Z1PuDb7GX,0.0533,0.878,157067,0.619,0.0,6,0.113,-5.56,1,0.102,136.041,4,0.639
49,Latina (feat. Maluma),Reykon,138233,https://open.spotify.com/track/00Ia46AgCNfnXjzgH8PIKH,2019-06-22,00Ia46AgCNfnXjzgH8PIKH,0.0748,0.826,226739,0.713,0.0,9,0.331,-4.017,0,0.129,102.071,4,0.75
5,LA CANCIÓN,J Balvin,487066,https://open.spotify.com/track/0fea68AdmYNygeTGI4RC18,2019-06-28,0fea68AdmYNygeTGI4RC18,0.152,0.754,242573,0.646,1.85e-05,7,0.108,-5.795,1,0.317,176.089,4,0.429
8,QUE PRETENDES,J Balvin,425762,https://open.spotify.com/track/25ZAibhr3bdlMCLmubZDVt,2019-06-28,25ZAibhr3bdlMCLmubZDVt,0.0275,0.639,222347,0.791,0.0,10,0.362,-4.443,0,0.253,92.603,4,0.939
15,MOJAITA,J Balvin,339831,https://open.spotify.com/track/71pEiUWwfDFiRO6RmFpnBf,2019-06-28,71pEiUWwfDFiRO6RmFpnBf,0.0171,0.45,187333,0.842,0.0,0,0.377,-3.602,1,0.102,172.069,4,0.885
20,YO LE LLEGO,J Balvin,284062,https://open.spotify.com/track/0uIfrUwwg0Z7KTitul7E3T,2019-06-28,0uIfrUwwg0Z7KTitul7E3T,0.0104,0.785,249600,0.792,0.0,9,0.104,-4.695,0,0.0641,155.036,4,0.528
21,UN PESO,J Balvin,282992,https://open.spotify.com/track/7hynhxDoDpgMIV12JuVtNa,2019-06-28,7hynhxDoDpgMIV12JuVtNa,0.125,0.627,277107,0.675,0.0,5,0.0784,-7.125,0,0.213,79.31,4,0.961
24,ODIO,J Balvin,246555,https://open.spotify.com/track/7alOsNr36sJ8CyOEP4aILq,2019-06-28,7alOsNr36sJ8CyOEP4aILq,0.215,0.74,270400,0.698,0.0,6,0.116,-3.838,0,0.0388,139.99,4,0.529
25,CUIDAO POR AHÍ,J Balvin,243203,https://open.spotify.com/track/6SYSu569pfYdkDT9A5lZqi,2019-06-28,6SYSu569pfYdkDT9A5lZqi,0.111,0.845,198320,0.813,0.00241,4,0.174,-2.979,0,0.077,90.98,4,0.586
31,COMO UN BEBÉ,J Balvin,219866,https://open.spotify.com/track/7knLcYCOSaURD0d7HUULFM,2019-06-28,7knLcYCOSaURD0d7HUULFM,0.0732,0.825,218827,0.807,4.79e-06,6,0.138,-5.753,1,0.0949,103.053,4,0.816
46,Si Supieras,Daddy Yankee,161781,https://open.spotify.com/track/7MRU4vOkywuhZ9kbFiPuiu,2019-06-29,7MRU4vOkywuhZ9kbFiPuiu,0.291,0.691,241880,0.894,0.0,9,0.104,-1.681,0,0.115,184.019,4,0.623
45,Tra Tra Tra (Remix),Ghetto Kids,143876,https://open.spotify.com/track/4pj77Vx66vvbodiwLt1wMH,2019-07-01,4pj77Vx66vvbodiwLt1wMH,0.0602,0.851,171159,0.72,5.8e-05,1,0.0278,-4.932,1,0.266,159.971,4,0.905
50,Goodbyes (Feat. Young Thug),Post Malone,128765,https://open.spotify.com/track/6vBdBCoOhKHiYDDOcorfNo,2019-07-10,6vBdBCoOhKHiYDDOcorfNo,0.447,0.58,174960,0.653,0.0,5,0.111,-3.818,1,0.0745,150.231,4,0.175
49,Amor A Primera Vista,Los Angeles Azules,135765,https://open.spotify.com/track/1E7RHPXA9sZ30qfms18J7J,2019-07-11,1E7RHPXA9sZ30qfms18J7J,0.223,0.675,221347,0.821,5.11e-05,0,0.149,-6.017,1,0.0668,170.163,4,0.96
20,bad guy (with Justin Bieber),Billie Eilish,255378,https://open.spotify.com/track/3yNZ5r3LKfdmjoS3gkhUCT,2019-07-12,3yNZ5r3LKfdmjoS3gkhUCT,0.252,0.67,194840,0.453,0.33,0,0.117,-11.265,1,0.295,135.055,4,0.68
24,I Don't Care (with Justin Bieber),Ed Sheeran,217984,https://open.spotify.com/track/0hVXuCcriWRGvwMV1r5Yn9,2019-07-12,0hVXuCcriWRGvwMV1r5Yn9,0.0912,0.798,219947,0.675,0.0,6,0.0894,-5.041,1,0.0442,101.956,4,0.842
31,Tra Tra Tra Remix,Ghetto Kids,188583,https://open.spotify.com/track/4YqCBC4FwzGXuhixt5cgmm,2019-07-12,4YqCBC4FwzGXuhixt5cgmm,0.0532,0.847,171000,0.736,0.000142,1,0.0302,-4.542,1,0.266,160.012,4,0.876
39,Nothing On You (feat. Paulo Londra & Dave),Ed Sheeran,158697,https://open.spotify.com/track/2qRN7PWiHRLprw4FpDeI9N,2019-07-12,2qRN7PWiHRLprw4FpDeI9N,0.333,0.747,200733,0.649,0.0,10,0.172,-6.218,0,0.219,88.011,4,0.84
26,Rebota - Remix,Guaynaa,210219,https://open.spotify.com/track/3dWpRjCmaHbroNahuSeX11,2019-07-13,3dWpRjCmaHbroNahuSeX11,0.205,0.885,262000,0.857,0.0,0,0.671,-2.279,0,0.204,90.025,4,0.818
47,Simplemente Gracias,Calibre 50,122950,https://open.spotify.com/track/5TVpVYcU47B23onx6llnvv,2019-07-14,5TVpVYcU47B23onx6llnvv,0.692,0.749,203480,0.59,1.44e-06,3,0.108,-6.039,1,0.0309,129.985,4,0.741
48,Por Eso Vine,Paulo Londra,134802,https://open.spotify.com/track/5qN1G8fSHq4Sv5FRoOkNGu,2019-07-16,5qN1G8fSHq4Sv5FRoOkNGu,0.233,0.76,178534,0.646,0.0,8,0.0905,-5.048,0,0.433,188.009,4,0.625
30,China,Anuel AA,187088,https://open.spotify.com/track/2ksOAxtIxY8yElEWw8RhgK,2019-07-19,2ksOAxtIxY8yElEWw8RhgK,0.0846,0.786,301714,0.808,0.000289,7,0.0822,-3.702,1,0.0882,105.027,4,0.609
46,How Do You Sleep?,Sam Smith,134908,https://open.spotify.com/track/6b2RcmUt1g9N9mQ3CbjX2Y,2019-07-23,6b2RcmUt1g9N9mQ3CbjX2Y,0.153,0.477,202205,0.682,0.0,1,0.0763,-4.931,0,0.0925,110.567,5,0.345
18,Loco Contigo,DJ Snake,236297,https://open.spotify.com/track/1fBXSMOusjaj7GjzErHmUI,2019-07-25,1fBXSMOusjaj7GjzErHmUI,0.276,0.823,185195,0.71,2.17e-06,6,0.152,-3.896,0,0.0688,96.024,4,0.376
7,Señorita,Shawn Mendes,445247,https://open.spotify.com/track/6v3KW9xbzN5yKLt9YKDYA2,2019-07-26,6v3KW9xbzN5yKLt9YKDYA2,0.0392,0.759,190800,0.548,0.0,9,0.0828,-6.049,0,0.029,116.967,4,0.749
9,Otro Trago - Remix,Sech,424746,https://open.spotify.com/track/4bTZeO72FwMa6wKOiqoynL,2019-07-26,4bTZeO72FwMa6wKOiqoynL,0.0711,0.725,287773,0.79,1.14e-06,0,0.0602,-2.331,1,0.197,175.988,4,0.763
18,Loco Contigo (feat. J. Balvin & Tyga),DJ Snake,254451,https://open.spotify.com/track/6osaMSJh9NguagEDQcZaKx,2019-07-26,6osaMSJh9NguagEDQcZaKx,0.278,0.694,185195,0.758,1.34e-06,11,0.102,-2.986,1,0.218,192.091,4,0.371
30,Old Town Road - Remix,Lil Nas X,193169,https://open.spotify.com/track/2YpeDb67231RjR0MgVLzsG,2019-07-26,2YpeDb67231RjR0MgVLzsG,0.0533,0.878,157067,0.619,0.0,6,0.113,-5.56,1,0.102,136.041,4,0.639
31,Bellacoso,Residente,184751,https://open.spotify.com/track/1kMUGCt7XLDc5Q64Vl0H8S,2019-07-26,1kMUGCt7XLDc5Q64Vl0H8S,0.0651,0.774,257865,0.851,0.0,11,0.0568,-2.795,0,0.255,180.086,4,0.695
45,La Boca - Remix,Mau y Ricky,152627,https://open.spotify.com/track/2EEmzqzM70CybVspgM7YRT,2019-07-27,2EEmzqzM70CybVspgM7YRT,0.236,0.691,188468,0.773,0.0,11,0.329,-3.812,0,0.0355,92.992,4,0.85
47,boyfriend (with Social House),Ariana Grande,150434,https://open.spotify.com/track/0Ryd8975WihbObpp5cPW1t,2019-08-02,0Ryd8975WihbObpp5cPW1t,0.119,0.4,186107,0.795,0.0,10,0.159,-3.731,0,0.461,190.097,4,0.702
47,Me La Avente,Carin Leon,152822,https://open.spotify.com/track/2QwMXe5zbqymDZGYsMDVqZ,2019-08-03,2QwMXe5zbqymDZGYsMDVqZ,0.557,0.723,155803,0.48,0.0,11,0.0705,-4.1,0,0.0326,144.533,3,0.909
48,Atrévete,Nicky Jam,136876,https://open.spotify.com/track/3KekO5WUfJsh7kYU9o2w50,2019-08-08,3KekO5WUfJsh7kYU9o2w50,0.311,0.552,198320,0.675,0.0,11,0.119,-3.824,1,0.297,183.785,4,0.586
39,Tutu,Camilo,171448,https://open.spotify.com/track/1nocRtwyNPVtGcIJqfgdzZ,2019-08-09,1nocRtwyNPVtGcIJqfgdzZ,0.273,0.731,178613,0.832,0.0,9,0.0665,-2.592,1,0.0503,146.013,4,0.94
43,Contando Lunares (feat. Cruz Cafuné),Don Patricio,145859,https://open.spotify.com/track/6uW0PIRcyZLvkoonm763xD,2019-08-12,6uW0PIRcyZLvkoonm763xD,0.444,0.856,219667,0.523,0.0,4,0.0537,-10.481,0,0.131,105.935,4,0.709
7,Soltera (Remix),Lunay,446302,https://open.spotify.com/track/2qMnZF5Ja2WvmfbblByQza,2019-08-16,2qMnZF5Ja2WvmfbblByQza,0.327,0.795,266192,0.755,0.0,5,0.464,-4.788,1,0.0454,92.02,4,0.816
19,"Yo x Ti, Tu x Mi",ROSALÍA,239162,https://open.spotify.com/track/7BlBVFwvbWvcwNcUarQmjk,2019-08-16,7BlBVFwvbWvcwNcUarQmjk,0.462,0.78,201040,0.759,0.000868,1,0.143,-3.292,1,0.225,91.952,4,0.579
47,Simplemente Gracias,Calibre 50,155414,https://open.spotify.com/track/3K6noLeoPTQJ5jUErC8jT5,2019-08-16,3K6noLeoPTQJ5jUErC8jT5,0.691,0.755,203200,0.557,0.0,3,0.104,-5.982,1,0.0302,130.03,4,0.743
48,"Nicki Nicole: Bzrp Music Sessions, Vol. 13",Bizarrap,135615,https://open.spotify.com/track/2S93hylQBYLndMnaJuso8S,2019-08-18,2S93hylQBYLndMnaJuso8S,0.00554,0.81,143292,0.471,0.000197,8,0.134,-5.047,1,0.0496,75.003,4,0.391
48,Chicharrón,Guaynaa,145502,https://open.spotify.com/track/5UVa8Qqb9L1dVxl3jKQ5J1,2019-08-19,5UVa8Qqb9L1dVxl3jKQ5J1,0.445,0.734,195867,0.789,9.06e-05,10,0.498,-4.305,0,0.454,76.182,4,0.811
48,Aunque no sea conmigo (feat. Café Tacvba),Celso Piña,152515,https://open.spotify.com/track/199gJ6b1aihvmEqdQZr0qT,2019-08-22,199gJ6b1aihvmEqdQZr0qT,0.44,0.81,213133,0.508,0.0,9,0.111,-9.062,1,0.0455,88.089,4,0.31
36,Lover,Taylor Swift,189038,https://open.spotify.com/track/1dGr1c8CrMLDpV6mPbImSI,2019-08-23,1dGr1c8CrMLDpV6mPbImSI,0.492,0.359,221307,0.543,1.58e-05,7,0.118,-7.582,1,0.0919,68.534,4,0.453
38,Adicto (with Anuel AA & Ozuna),Tainy,187313,https://open.spotify.com/track/3jbT1Y5MoPwEIpZndDDwVq,2019-08-23,3jbT1Y5MoPwEIpZndDDwVq,0.017,0.734,270741,0.836,1.64e-05,10,0.179,-4.803,0,0.0735,80.002,4,0.623
49,Si Se Da - Remix,Myke Towers,160040,https://open.spotify.com/track/6K5BsR04ijf3FHNzjbaagD,2019-08-23,6K5BsR04ijf3FHNzjbaagD,0.441,0.817,332240,0.672,0.0,11,0.13,-5.612,0,0.299,93.999,4,0.774
50,Indeciso,Reik,150931,https://open.spotify.com/track/59s0s39NFWScuHDbHytI14,2019-08-30,59s0s39NFWScuHDbHytI14,0.182,0.738,217253,0.748,0.0,0,0.11,-4.902,1,0.0453,94.949,4,0.896
42,Circles,Post Malone,168067,https://open.spotify.com/track/0Yde1VrWbGF2Tus2AQhMuT,2019-09-06,0Yde1VrWbGF2Tus2AQhMuT,0.222,0.703,215280,0.756,0.00281,0,0.0829,-3.407,1,0.0376,119.999,4,0.536
45,Sunflower - Spider-Man: Into the Spider-Verse,Post Malone,161550,https://open.spotify.com/track/4VqTRBvYg0z8C4nsl4Hupy,2019-09-06,4VqTRBvYg0z8C4nsl4Hupy,0.533,0.755,157560,0.522,0.0,2,0.0685,-4.368,1,0.0575,89.96,4,0.925
50,No Se Me Quita (feat. Ricky Martin),Maluma,155097,https://open.spotify.com/track/1GBLO0NFODuL31A5fgw0uR,2019-09-06,1GBLO0NFODuL31A5fgw0uR,0.146,0.864,219933,0.869,0.0,7,0.063,-2.963,1,0.139,99.988,4,0.853
46,Lalala,Y2K,164398,https://open.spotify.com/track/51Fjme0JiitpyXKuyQiCDo,2019-09-07,51Fjme0JiitpyXKuyQiCDo,0.181,0.843,160627,0.391,0.0,2,0.137,-7.899,1,0.0845,129.972,4,0.496
47,Circles,Post Malone,142748,https://open.spotify.com/track/51MMC5DogGZAnHil5HQAXg,2019-09-09,51MMC5DogGZAnHil5HQAXg,0.192,0.695,215280,0.762,0.00244,0,0.0863,-3.497,1,0.0395,120.042,4,0.553
50,Pa' Olvidarme De Ella,Piso 21,140925,https://open.spotify.com/track/1cVlW9WQiGlFdWUXFdFZGh,2019-09-09,1cVlW9WQiGlFdWUXFdFZGh,0.259,0.728,227234,0.542,0.0,0,0.136,-5.195,1,0.0514,90.016,3,0.637
49,Oye Pablo,Danna Paola,152906,https://open.spotify.com/track/4wJFExEZZo62tmwTM9ENDR,2019-09-11,4wJFExEZZo62tmwTM9ENDR,0.0332,0.699,177747,0.65,5.24e-06,5,0.299,-4.281,0,0.171,179.84,4,0.52
27,Don’t Call Me Angel (Charlie’s Angels) (with Miley Cyrus & Lana Del Rey),Ariana Grande,224464,https://open.spotify.com/track/3NkJNL3WqO1Lqc3uNDxvCN,2019-09-13,3NkJNL3WqO1Lqc3uNDxvCN,0.00268,0.643,190107,0.721,6.51e-06,1,0.0898,-5.248,1,0.0449,102.914,4,0.317
33,México En La Piel,Luis Miguel,179037,https://open.spotify.com/track/5BPq1UQa1NSN647R6IzD3n,2019-09-15,5BPq1UQa1NSN647R6IzD3n,0.43,0.483,209213,0.53,0.0,0,0.222,-6.989,1,0.0295,150.68,3,0.676
41,Sabes Una Cosa,Luis Miguel,152344,https://open.spotify.com/track/21Ullb4TU8qMsQd0Iselng,2019-09-16,21Ullb4TU8qMsQd0Iselng,0.268,0.437,200387,0.522,0.0,0,0.126,-7.048,1,0.031,169.366,3,0.72
50,Por Mujeres Como Tu,Pepe Aguilar,143422,https://open.spotify.com/track/0v8QpLDCw2n7ikFuiRKIx5,2019-09-16,0v8QpLDCw2n7ikFuiRKIx5,0.857,0.568,261132,0.291,1.63e-05,2,0.159,-7.73,1,0.0268,92.023,4,0.357
50,"Aleman: Bzrp Music Sessions, Vol. 15",Bizarrap,144433,https://open.spotify.com/track/7xRWmHZ2wt3zDgM5mAL0JU,2019-09-17,7xRWmHZ2wt3zDgM5mAL0JU,0.128,0.813,174178,0.884,2.34e-05,2,0.122,-4.817,1,0.119,126.892,4,0.646
47,Circles,Post Malone,159040,https://open.spotify.com/track/21jGcNKet2qwijlDFuPiPb,2019-09-18,21jGcNKet2qwijlDFuPiPb,0.192,0.695,215280,0.762,0.00244,0,0.0863,-3.497,1,0.0395,120.042,4,0.553
48,Tu Sicaria,Ms Nina,145305,https://open.spotify.com/track/6fatMybX8VmHUpaxVcXzrz,2019-09-23,6fatMybX8VmHUpaxVcXzrz,0.0527,0.752,146945,0.905,0.000242,0,0.173,-7.072,1,0.0515,97.993,4,0.689
48,Quizás,Rich Music LTD,157704,https://open.spotify.com/track/4AjWbAwRpxk2worpjNH5CS,2019-09-26,4AjWbAwRpxk2worpjNH5CS,0.0258,0.727,216067,0.815,0.0,3,0.231,-2.454,1,0.153,176.075,4,0.677
